state,bill_number,status_group,title,description
VT,JRS015,Passed,Joint resolution supporting Vermont’s transgender and non-binary community and declaring Vermont’s commitment to fighting discrimination and treating all citizens with respect and dignity,Joint resolution supporting Vermont’s transgender and non-binary community and declaring Vermont’s commitment to fighting discrimination and treating all citizens with respect and dignity
VA,HJR3,Passed,Constitutional amendment (second reference); marriage between two adult persons; repeal of same-sex marriage prohibition; affirmative right to marry.,"Constitutional amendment (second reference); marriage between two adult persons; repeal of same-sex marriage prohibition; affirmative right to marry. Repeals the constitutional provision defining marriage as only a union between one man and one woman as well as the related provisions that are no longer valid as a result of the United States Supreme Court decision in Obergefell v. Hodges, 576 U.S. 644 (2015). The amendment prohibits the Commonwealth and its political subdivisions from denying the issuance of a marriage license to two adult persons seeking a lawful marriage on the basis of the sex, gender, or race of such persons. The Commonwealth and its political subdivisions are required to recognize any lawful marriage between two adult persons and to treat such marriages equally under the law, regardless of the sex, gender, or race of such persons."
VA,SJR3,Passed,Constitutional amendment; marriage between two adult persons.,"Constitutional amendment (second reference); marriage between two adult persons; repeal of same-sex marriage prohibition; affirmative right to marry. Repeals the constitutional provision defining marriage as only a union between one man and one woman as well as the related provisions that are no longer valid as a result of the United States Supreme Court decision in Obergefell v. Hodges, 576 U.S. 644 (2015). The amendment prohibits the Commonwealth and its political subdivisions from denying the issuance of a marriage license to two adult persons seeking a lawful marriage on the basis of the sex, gender, or race of such persons. The Commonwealth and its political subdivisions are required to recognize any lawful marriage between two adult persons and to treat such marriages equally under the law, regardless of the sex, gender, or race of such persons."
SC,H4944,Passed,York County Republicans,"Recognize And Honor The Members Of The York County Gop, York County Republican Women, Clover / Lake Wylie Republican Women, And Republican Women Rising For Their Leadership In Grassroots Organizing And Their Commitment To Traditional Family Values, The Protection Of Women And Girls, And Parental Rights In Education And Medicine."
SC,S0121,Advancing,Adoption,"Amend The South Carolina Code Of Laws By Amending Section 63-7-40(b), Relating To Safe Haven For Abandoned Babies, So As To Provide That The Safe Haven Must Offer The Person Leaving The Infant Information Prepared By The Department Concerning The Legal Effect Of Leaving The Infant With The Safe Haven; By Amending Section 63-7-1700(a), Relating To Permanency Planning, So As To Decrease The Time In Which A Permanency Planning Hearing Must Be Held From No Later Than One Year To No Later Than Nine Months After The Child Is First Placed In Foster Care; By Amending Section 63-7-1700(e), Relating To The Filing Of A Petition To Terminate Parental Rights, So As To Require The Department To Complete And File With The Court A Background Investigation And Report Regarding The Child Within Sixty Days Of The Filing Of A Petition To Terminate Parental Rights; By Amending Section 63-7-1700(f) And Section 63-7-1700(h), Relating To An Extension For Reunification, So As To Decrease The Time In Which An Extension May Be Granted For Reunification Efforts From Eighteen Months To Fifteen Months; By Amending Section 63-7-1700(i), Relating To Permanency Planning Hearings, By Providing That A Termination Of Parental Rights Hearing May Serve As The Next Permanency Planning Hearing Only If It Is Held No Later Than Nine Months From The Date Of The Previous Permanency Planning Hearing, And So As To Provide That A Permanency Planning Hearing Must Be Held Quarterly Instead Of Annually After The Termination Of Parental Rights Hearing; By Amending Section 63-7-1710, Relating To Termination Of Parental Rights, So As To Require The Department To Complete And File With The Court A Background Investigation And Report Regarding The Child Within Sixty Days Of The Filing Of A Petition To Terminate Parental Rights; By Amending Section 63-7-2550, Relating To Service Of Petition, So As To Provide That An Unmarried Biological Father Must Receive Service Of A Termination Of Parental Rights Action; By Amending Section 63-7-2570, Relating To Grounds, So As To Provide That When Finding That Termination Of Parental Rights Is In The Best Interest Of A Child, The Court Must Find That The Home Of The Child's Parents Is Not Safe For The Return Of The Child At The Time Of The Termination Of Parental Rights Hearing; By Amending Section 63-9-730, Relating To Notice Of Adoption Proceedings, So As To Provide That If Notice Of An Adoption Proceeding Cannot Be Effected By Personal Service, Then Notice May Be Given By Publication Of The Summons In Which The Requested Relief Of Termination Of Parental Rights, Or Adoption, Or Both, Is Set Forth; By Amending Section 63-9-760, Relating To The Effect Of A Final Adoption Decree, So As To Provide That The Final Decree Is Not Affected By A Postadoption Agreement Entered Into Before Or After The Adoption; By Adding Section 63-9-765, So As To Provide For Postadoption Contact Agreements To Be Enforceable If Agreed To By The Parties; By Amending Section 63-7-820, Relating To The Putative Father Registry, So As To Provide That A Registrant Must Include Any Aliases When He Registers; And By Adding Section 12-6-3595, So As To Provide For A Tax Credit For Any Resident Taxpayer That Claims The Federal Tax Credit For Qualified Adoption Expenses Related To A Domestic Adoption."
SC,S0759,Passed,York County Republicans,"A Senate Resolution To Recognize And Honor The Members Of The York County Republican Party, York County Republican Women, Clover/lake Wylie Republican Women, And Republican Women Rising For Their Exceptional Grassroots Leadership And Unwavering Commitment To Advancing Traditional Family Values, Protecting Women And Girls, And Defending Parental Rights In Education And Medicine, And To Commend Them For Their Dedication To The Republican Mission."
GA,SB36,Passed,"""Georgia Religious Freedom Restoration Act""; enact","A BILL to be entitled an Act to amend Title 50 of the Official Code of Georgia Annotated, relating to state government, so as to provide for the preservation of religious freedom; to provide for the granting of relief; to provide for definitions; to provide for construction; to provide for statutory interpretation; to provide for a short title; to provide for legislative findings and determinations; to provide for an effective date; to repeal conflicting laws; and for other purposes."
GA,SB39,Advancing,Employees' Insurance and Benefits Plans; expenses for gender-affirming care under the state health benefit plan or with any state funds; prohibit coverage,"A BILL to be entitled an Act to amend Chapter 18 of Title 45, Chapter 4 of Title 49, and Chapter 1 of Title 50 of the Official Code of Georgia Annotated, relating to the employees' insurance and benefits plans, public assistance, and general provisions relative to state government, respectively, so as to prohibit coverage of expenses for gender-affirming care under the state health benefit plan or with any state funds; to provide for definitions; to provide for limited exceptions; to prohibit state healthcare facilities and healthcare providers employed by the state from providing gender-affirming care; to provide for related matters; to provide for legislative findings; to provide for an effective date; to repeal conflicting laws; and for other purposes."
MA,S2711,Advancing,Relative to the commission on LGBTQ aging,"Relativerelative to the commission on LGBTQ aging"" (Senate, No. 2711)"
AL,HB161,Advancing,"Consumer protection, app store providers and developers required to take certain actions related to age verification and parental consent, Attorney General authorized to bring action for violations as deceptive trade practice, parents authorized to bring civil action","Consumer protection, app store providers and developers required to take certain actions related to age verification and parental consent, Attorney General authorized to bring action for violations as deceptive trade practice, parents authorized to bring civil action"
NH,HB1217,Other/Unknown,Permitting classification of individuals based on biological sex under certain limited circumstances.,Permitting classification of individuals based on biological sex under certain limited circumstances.
NH,SB34,Advancing,Relative to parental consent for student participation in Medicaid to schools program.,Relative to parental consent for student participation in Medicaid to schools program.
NH,SB211,Advancing,Relative to biological sex in student athletics.,Relative to biological sex in student athletics.
NH,SB268,Advancing,Permitting classification of individuals based on biological sex under certain limited circumstances.,Permitting classification of individuals based on biological sex under certain limited circumstances.
MI,HB4024,Advancing,Civil rights: privacy; restriction of student access to certain restrooms and changing areas based on biological sex; provide for. Creates new act.,Civil rights: privacy; restriction of student access to certain restrooms and changing areas based on biological sex; provide for. Creates new act.
MI,HB4066,Advancing,Education: athletics; single-sex sports teams; require. Amends 1976 PA 451 (MCL 380.1 - 380.1852) by adding sec. 1290.,Education: athletics; single-sex sports teams; require. Amends 1976 PA 451 (MCL 380.1 - 380.1852) by adding sec. 1290.
MI,HB4469,Advancing,Civil rights: sex discrimination and harassment; basing an individual's eligibility to participate in athletics on the individual's biological sex; provide an exemption to allow certain K-12 educational institutions to do. Amends 1976 PA 453 (MCL 37.2101 - 37.2804) by adding sec. 405.,Civil rights: sex discrimination and harassment; basing an individual's eligibility to participate in athletics on the individual's biological sex; provide an exemption to allow certain K-12 educational institutions to do. Amends 1976 PA 453 (MCL 37.2101 - 37.2804) by adding sec. 405.
MI,SB0034,Advancing,Civil rights: sex discrimination and harassment; definition of sex; modify to include lactating status for employment situations and include pregnancy and lactating status for places of public accommodation or public service. Amends secs. 201 & 301 of 1976 PA 453 (MCL 37.2201 & 37.2301).,Civil rights: sex discrimination and harassment; definition of sex; modify to include lactating status for employment situations and include pregnancy and lactating status for places of public accommodation or public service. Amends secs. 201 & 301 of 1976 PA 453 (MCL 37.2201 & 37.2301).
MI,SR0055,Passed,"A resolution to recognize June 2025 as Lesbian, Gay, Bisexual, Transgender, Queer+ (LGBTQ+) Pride Month.","A resolution to recognize June 2025 as Lesbian, Gay, Bisexual, Transgender, Queer+ (LGBTQ+) Pride Month."
OK,HB1393,Passed,Special education; individual education program; parental consent; effective date; emergency.,Special education; individual education program; parental consent; effective date; emergency.
OK,HB1965,Passed,Children; Children's Code; term; procedure if jury trial is waived; individualized service plan; termination of parental rights; district attorney; exceptions; informal adjustments; Office of Juvenile Affairs; effective date.,Children; Children's Code; term; procedure if jury trial is waived; individualized service plan; termination of parental rights; district attorney; exceptions; informal adjustments; Office of Juvenile Affairs; effective date.
OK,HB1995,Passed,Crimes and punishments; definitions of sex crimes; designating school resource officers as employees of a school system; emergency.,Crimes and punishments; definitions of sex crimes; designating school resource officers as employees of a school system; emergency.
CA,AB1487,Passed,"Public health: Two-Spirit, Transgender, Gender Nonconforming, and Intersex Wellness and Equity Fund.","An act to amend Sections 120956 and 150900 of the Health and Safety Code, relating to public health."
CA,AR21,Passed,Relative to Transgender Day of Visibility.,Relative to Transgender Day of Visibility.
CA,AR43,Passed,"Relative to Lesbian, Gay, Bisexual, Transgender, and Queer (LGBTQ+) Pride Month.","Relative to Lesbian, Gay, Bisexual, Transgender, and Queer (LGBTQ+) Pride Month."
CA,AR57,Passed,Relative to Transgender History Month.,Relative to Transgender History Month.
CA,SB418,Defeated,Health care coverage: prescription hormone therapy and nondiscrimination.,"An act to add Section 4064.55 to the Business and Professions Code, to add Section 1367.0435 to, and to add and repeal Section 1367.253 of, the Health and Safety Code, to add Section 10133.135 to, and to add and repeal Section 10123.1963 of, the Insurance Code, and to add and repeal Section 14132.04 of the Welfare and Institutions Code, relating to health care coverage, and declaring the urgency thereof, to take effect immediately."
CA,SR22,Passed,Relative to Transgender Day of Visibility.,Relative to Transgender Day of Visibility.
CA,SR48,Passed,"Relative to Lesbian, Gay, Bisexual, Transgender, and Queer (LGBTQ+) Pride Month.","Relative to Lesbian, Gay, Bisexual, Transgender, and Queer (LGBTQ+) Pride Month."
IA,HF1049,Passed,"A bill for an act relating to and making appropriations to the department of veterans affairs and the department of health and human services, and related provisions and appropriations, including aging and disability services; behavioral health, public health, community access and eligibility; the medical assistance program, state supplementary assistance, Hawki, and other health-related programs; sex reassignment surgeries or associated procedures; family well-being and protection; state-operated specialty care, administration and compliance; transfers, cash flows, and nonreversions; prior appropriations; the beer and liquor control fund, and the behavioral health fund; report on nonreversion of moneys; emergency rules; and a hospital directed payment program; and including effective date and retroactive applicability provisions. (Formerly HSB 342.) Effective date: 06/11/2025, 07/01/2025. Applicability date: 07/01/2024.","A bill for an act relating to and making appropriations to the department of veterans affairs and the department of health and human services, and related provisions and appropriations, including aging and disability services; behavioral health, public health, community access and eligibility; the medical assistance program, state supplementary assistance, Hawki, and other health-related programs; sex reassignment surgeries or associated procedures; family well-being and protection; state-operated specialty care, administration and compliance; transfers, cash flows, and nonreversions; prior appropriations; the beer and liquor control fund, and the behavioral health fund; report on nonreversion of moneys; emergency rules; and a hospital directed payment program; and including effective date and retroactive applicability provisions. (Formerly HSB 342.) Effective date: 06/11/2025, 07/01/2025. Applicability date: 07/01/2024."
IA,SF418,Passed,"A bill for an act relating to sex and gender, including those and related terms for purposes of statutory construction, indications of a person's sex on certain vital records, gender identity under the Iowa civil rights Act, and school curricula related to gender theory. Effective date: 07/01/2025.","A bill for an act relating to sex and gender, including those and related terms for purposes of statutory construction, indications of a person's sex on certain vital records, gender identity under the Iowa civil rights Act, and school curricula related to gender theory. Effective date: 07/01/2025."
US-Congress,HB498,Advancing,Do No Harm in Medicaid Act,To amend title XIX of the Social Security Act to prohibit Federal Medicaid funding for gender transition procedures for minors.
WY,HB0028,Other/Unknown,Sexual exploitation of children-amendments.,AN ACT relating to crimes and offenses; amending the definition of explicit sexual conduct for the purposes of the crime of sexual exploitation of children; and providing for an effective date.
TX,HB229,Passed,Relating to general definitions for and collection of governmental information regarding biological sex.,Relating to general definitions for and collection of governmental information regarding biological sex.
TX,HB4611,Advancing,Relating to certain voluntary registries in relation to the adoption of or the termination of parental rights regarding a child.,Relating to certain voluntary registries in relation to the adoption of or the termination of parental rights regarding a child.
TX,HB4623,Passed,Relating to liability of public schools and professional school employees for sexual misconduct involving students.,Relating to liability of public schools and professional school employees for sexual misconduct involving students.
TX,HB4730,Advancing,"Relating to the voluntary relinquishment of parental rights, adoption, and the regulation of child-placing agencies.","Relating to the voluntary relinquishment of parental rights, adoption, and the regulation of child-placing agencies."
TX,HR478,Passed,In memory of Reta Gay Nance.,In memory of Reta Gay Nance.
TX,HR1398,Passed,Commending Desirae Garcia for her service as a legislative aide in the office of State Representative Jessica González and as director of the Texas House LGBTQ Caucus.,Commending Desirae Garcia for her service as a legislative aide in the office of State Representative Jessica González and as director of the Texas House LGBTQ Caucus.
TX,HR1429,Passed,Congratulating Gay Donnell Willis on her reelection to the Dallas City Council.,Congratulating Gay Donnell Willis on her reelection to the Dallas City Council.
TX,SB12,Passed,"Relating to parental rights in public education, to certain public school requirements and prohibitions regarding instruction, diversity, equity, and inclusion duties, and social transitioning, and to student clubs at public schools.","Relating to parental rights in public education, to certain public school requirements and prohibitions regarding instruction, diversity, equity, and inclusion duties, and social transitioning, and to student clubs at public schools."
TX,SB13,Passed,"Relating to a school district's library materials and catalog, the establishment of local school library advisory councils, and parental rights regarding public school library catalogs and access by the parent's child to library materials.","Relating to a school district's library materials and catalog, the establishment of local school library advisory councils, and parental rights regarding public school library catalogs and access by the parent's child to library materials."
TX,SB112,Advancing,Relating to parental rights in public education.,Relating to parental rights in public education.
TX,SB204,Passed,Relating to a handbook on parental rights in education and training requirements on parental rights in education for a member of the board of trustees of a school district.,Relating to a handbook on parental rights in education and training requirements on parental rights in education for a member of the board of trustees of a school district.
TX,SB240,Advancing,Relating to the designation and use of certain spaces and facilities according to biological sex; authorizing a civil penalty and a private civil right of action.,Relating to the designation and use of certain spaces and facilities according to biological sex; authorizing a civil penalty and a private civil right of action.
TX,SB400,Advancing,"Relating to requiring parental consent for psychological or psychiatric examination, testing, or treatment conducted by a school district employee.","Relating to requiring parental consent for psychological or psychiatric examination, testing, or treatment conducted by a school district employee."
TX,SB1257,Passed,Relating to required health benefit plan coverage for gender transition adverse effects and reversals.,Relating to required health benefit plan coverage for gender transition adverse effects and reversals.
TX,SB1999,Advancing,Relating to protection for a public employee's or student's use of terms consistent with biological sex.,Relating to protection for a public employee's or student's use of terms consistent with biological sex.
PA,HB538,Advancing,"In sexual violence, dating violence, domestic violence and stalking education, prevention and response at institutions of higher education and private licensed schools, further providing for scope of article, for definitions, for education program and for follow-up; and making an editorial change.","An Act amending the act of March 10, 1949 (P.L.30, No.14), known as the Public School Code of 1949, in sexual violence, dating violence, domestic violence and stalking education, prevention and response at institutions of higher education and private licensed schools, further providing for scope of article, for definitions, for education program and for follow-up; and making an editorial change."
PA,HB1610,Advancing,"In personal income tax, further providing for definitions and for income taxes imposed by other states and providing for provisions for overtime pay; in corporate net income tax, further providing for definitions, for determination of net loss deduction, for imposition of tax, for reports and payment of tax, for timely mailing treated as timely filing and payment and for additional withholding requirements, repealing provisions relating to consolidated reports, further providing for extension of time to file reports, for changes made by Federal Government, for limitations on assessments, for definitions, for manufacturing innovation and reinvestment deduction, for enforcement, rules and regulations, inquisitorial powers of the department, for retention of records and for penalties; in tax credit and tax benefit administration, further providing for definitions and providing for application of tax credits or tax benefits to a unitary business; providing for working Pennsylvanians tax credit; and, in general provisions, further providing for estimated tax, for underpayment of estimated tax and for restatement of tax liability under treaties.","An Act amending the act of March 4, 1971 (P.L.6, No.2), known as the Tax Reform Code of 1971, in personal income tax, further providing for definitions and for income taxes imposed by other states and providing for provisions for overtime pay; in corporate net income tax, further providing for definitions, for determination of net loss deduction, for imposition of tax, for reports and payment of tax, for timely mailing treated as timely filing and payment and for additional withholding requirements, repealing provisions relating to consolidated reports, further providing for extension of time to file reports, for changes made by Federal Government, for limitations on assessments, for definitions, for manufacturing innovation and reinvestment deduction, for enforcement, rules and regulations, inquisitorial powers of the department, for retention of records and for penalties; in tax credit and tax benefit administration, further providing for definitions and providing for application of tax credits or tax benefits to a unitary business; providing for working Pennsylvanians tax credit; and, in general provisions, further providing for estimated tax, for underpayment of estimated tax and for restatement of tax liability under treaties."
PA,HR231,Passed,"Recognizing the month of June 2025 as ""LGBTQ+ Pride Month"" in Pennsylvania.","A Resolution recognizing the month of June 2025 as ""LGBTQ+ Pride Month"" in Pennsylvania."
PA,SB315,Passed,"An act amending the act of March 10, 1949 (P.L.30, No.14), entitled ""An act relating to the public school system, including certain provisions applicable as well to private and parochial schools; amending, revising, consolidating and changing the laws relating thereto,"" in preliminary provisions, further providing for Special Education Funding Commission and for minimum number of days or hours; in duties and powers of boards of school directors, providing for admission fees for school-sponsored activities; in intermediate units, further providing for staff; in certification of teachers, further providing for certificates qualifying persons to teach and for instructional certificate grade spans and age levels and duties of department, providing for instructional certificate grade spans and age levels and for State certificate fee reduction, further providing for standard employment application, for career and technical instructional certificate, for program of continuing professional and paraprofessional education and for postbaccalaureate certification, providing for assessment of basic skills, further providing for professional educator discipline fee and providing for career and technical administrative director certification flexibility; in pupils and attendance, further providing for attendance policy at charter, regional charter and cyber charter schools, for procedure when child is truant, for procedure by school when child habitually truant, for procedure upon filing of citation, for penalties for violating compulsory school attendance requirements and for study of truancy procedure, providing for department supports to prevent truancy and further providing for reports to Superintendent of Public Instruction and for exceptional children and education and training; in student supports, further providing for definitions; in school safety and security, further providing for definitions, for School Safety and Security Committee, for school safety and security assessment providers, for School Safety and Security Grant Program, for school safety and security coordinator and for school safety and security training, providing for school safety and mental health grants for 2025-2026 school year and further providing for reporting and memorandum of understanding; in school security, further providing for training, for school resource officers, for school security guards and for duties of commission; in Safe2Say Program, further providing for intent, for definitions, for Safe2Say Program and for annual report; in threat assessment, further providing for definitions, for threat assessment teams and for threat assessment guidelines, training and information materials; in Drug and Alcohol Recovery High School Program, further providing for scope of program and selection of students and for enrollment of students; in evidence-based reading instruction, further providing for definitions and providing for school entity duties related to evidence-based reading instruction, for school entity duties related to reading screening, for reading deficiency identification and parental notification, for reading intervention plans, for grant program, for funding, for reporting, for accountability and for construction; in high schools, further providing for attendance in other districts and providing for Free Application for Federal Student Aid; in interscholastic athletics accountability, further providing for council recommendations and standards; in charter schools, further providing for funding for cyber charter schools, for enrollment and notification and for enrollee wellness checks; in career and technical education, further providing for capital reserve fund for approved purchases of equipment and facility maintenance, for career and technical education equipment grants, for Cosmetology Training through Career and Technical Center Pilot Program and for Barber Training through Career and Technical Center Pilot Program; providing for Nursing Shortage Assistance Program; in community colleges, further providing for financial program and reimbursement of payments; in the State System of Higher Education, further providing for definitions and for Grow Pennsylvania Merit Scholarship Program; in educational tax credits, further providing for limitations; in higher education accountability and transparency, further providing for exit counseling; in miscellaneous provisions relating to institutions of higher education, repealing provisions relating to State-related university performance-based funding model, further providing for prohibition on scholarship displacement at public institutions of higher education and providing for cooperation and for State scholarship renewals; in institutions of higher education, further providing for powers and duties of State Board of Higher Education, for definitions, for Performance-based Funding Council and for public institution of higher education reporting, providing for State-related University Performance Fund, for performance-based funding formula and for public accountability and further providing for agency duties, for grant priority and for report; in Ready-to-Succeed Scholarship, further providing for agency; in funding for public libraries, providing for State aid for fiscal year 2025-2026; in reimbursements by Commonwealth and between school districts, further providing for student-weighted basic education funding beginning with 2023-2024 school year, for extraordinary special education program expenses, for assistance to school districts declared to be in financial recovery status or identified for financial watch status and for Ready-to-Learn Block Grant; in construction and renovation of buildings by school entities, further providing for applicability; abrogating regulations; and making an editorial change.","An act amending the act of March 10, 1949 (P.L.30, No.14), entitled ""An act relating to the public school system, including certain provisions applicable as well to private and parochial schools; amending, revising, consolidating and changing the laws relating thereto,"" in preliminary provisions, further providing for Special Education Funding Commission and for minimum number of days or hours; in duties and powers of boards of school directors, providing for admission fees for school-sponsored activities; in intermediate units, further providing for staff; in certification of teachers, further providing for certificates qualifying persons to teach and for instructional certificate grade spans and age levels and duties of department, providing for instructional certificate grade spans and age levels and for State certificate fee reduction, further providing for standard employment application, for career and technical instructional certificate, for program of continuing professional and paraprofessional education and for postbaccalaureate certification, providing for assessment of basic skills, further providing for professional educator discipline fee and providing for career and technical administrative director certification flexibility; in pupils and attendance, further providing for attendance policy at charter, regional charter and cyber charter schools, for procedure when child is truant, for procedure by school when child habitually truant, for procedure upon filing of citation, for penalties for violating compulsory school attendance requirements and for study of truancy procedure, providing for department supports to prevent truancy and further providing for reports to Superintendent of Public Instruction and for exceptional children and education and training; in student supports, further providing for definitions; in school safety and security, further providing for definitions, for School Safety and Security Committee, for school safety and security assessment providers, for School Safety and Security Grant Program, for school safety and security coordinator and for school safety and security training, providing for school safety and mental health grants for 2025-2026 school year and further providing for reporting and memorandum of understanding; in school security, further providing for training, for school resource officers, for school security guards and for duties of commission; in Safe2Say Program, further providing for intent, for definitions, for Safe2Say Program and for annual report; in threat assessment, further providing for definitions, for threat assessment teams and for threat assessment guidelines, training and information materials; in Drug and Alcohol Recovery High School Program, further providing for scope of program and selection of students and for enrollment of students; in evidence-based reading instruction, further providing for definitions and providing for school entity duties related to evidence-based reading instruction, for school entity duties related to reading screening, for reading deficiency identification and parental notification, for reading intervention plans, for grant program, for funding, for reporting, for accountability and for construction; in high schools, further providing for attendance in other districts and providing for Free Application for Federal Student Aid; in interscholastic athletics accountability, further providing for council recommendations and standards; in charter schools, further providing for funding for cyber charter schools, for enrollment and notification and for enrollee wellness checks; in career and technical education, further providing for capital reserve fund for approved purchases of equipment and facility maintenance, for career and technical education equipment grants, for Cosmetology Training through Career and Technical Center Pilot Program and for Barber Training through Career and Technical Center Pilot Program; providing for Nursing Shortage Assistance Program; in community colleges, further providing for financial program and reimbursement of payments; in the State System of Higher Education, further providing for definitions and for Grow Pennsylvania Merit Scholarship Program; in educational tax credits, further providing for limitations; in higher education accountability and transparency, further providing for exit counseling; in miscellaneous provisions relating to institutions of higher education, repealing provisions relating to State-related university performance-based funding model, further providing for prohibition on scholarship displacement at public institutions of higher education and providing for cooperation and for State scholarship renewals; in institutions of higher education, further providing for powers and duties of State Board of Higher Education, for definitions, for Performance-based Funding Council and for public institution of higher education reporting, providing for State-related University Performance Fund, for performance-based funding formula and for public accountability and further providing for agency duties, for grant priority and for report; in Ready-to-Succeed Scholarship, further providing for agency; in funding for public libraries, providing for State aid for fiscal year 2025-2026; in reimbursements by Commonwealth and between school districts, further providing for student-weighted basic education funding beginning with 2023-2024 school year, for extraordinary special education program expenses, for assistance to school districts declared to be in financial recovery status or identified for financial watch status and for Ready-to-Learn Block Grant; in construction and renovation of buildings by school entities, further providing for applicability; abrogating regulations; and making an editorial change."
ND,HB1034,Passed,The re-establishment of parental rights and responsibilities.,"AN ACT to create and enact a new chapter to title 27 of the North Dakota Century Code, relating to the re-establishment of parental rights and responsibilities."
ND,HB1144,Passed,Transgender student accommodations and restroom use in public schools; to provide a penalty; and to declare an emergency.,"AN ACT to amend and reenact section 15.1-06-21 of the North Dakota Century Code, relating to transgender student accommodations and restroom use in public schools; to provide a penalty; and to declare an emergency."
ND,HB1556,Passed,A child in need of protection and termination of parental rights; to create a workgroup under the children's cabinet to study out-of-home placement or treatment of children with behavioral health issues; to provide for a report; to provide an expiration date; and to declare an emergency.,"AN ACT to amend and reenact subsection 5 of section 27-20.3-01, and sections 27-20.3-15 and 27-20.3-21 of the North Dakota Century Code, relating to a child in need of protection and termination of parental rights; to create a workgroup under the children's cabinet to study out-of-home placement or treatment of children with behavioral health issues; to provide for a report; to provide an expiration date; and to declare an emergency."
ME,LD233,Defeated,An Act to Prohibit Biological Males from Participating in School Athletic Programs and Activities Designated for Females When State Funding Is Provided to the School,An Act to Prohibit Biological Males from Participating in School Athletic Programs and Activities Designated for Females When State Funding Is Provided to the School
ME,LD410,Defeated,An Act to Require Parental Consent to Withhold Life-sustaining Measures for a Minor or to Comply with a Do-not-resuscitate Order for a Minor,An Act to Require Parental Consent to Withhold Life-sustaining Measures for a Minor or to Comply with a Do-not-resuscitate Order for a Minor
ME,LD492,Defeated,"RESOLUTION, Proposing an Amendment to the Constitution of Maine to Provide for Parental Rights","RESOLUTION, Proposing an Amendment to the Constitution of Maine to Provide for Parental Rights"
ME,LD922,Passed,An Act to Amend the Procedure for Filing a Petition to Terminate Parental Rights and Responsibilities,An Act to Amend the Procedure for Filing a Petition to Terminate Parental Rights and Responsibilities
ME,LD1173,Defeated,"Resolve, to Establish a Group to Study the Laws Governing the Guardianship of Adults and Ongoing Parental Rights of Parents of Disabled Adults","Resolve, to Establish a Group to Study the Laws Governing the Guardianship of Adults and Ongoing Parental Rights of Parents of Disabled Adults"
ME,LD1337,Defeated,An Act to Amend the Maine Human Rights Act Regarding Female Athletes and Safety in Women's Single-sex Shelters,An Act to Amend the Maine Human Rights Act Regarding Female Athletes and Safety in Women's Single-sex Shelters
ME,LD1432,Defeated,An Act to Remove Consideration of Gender Identity from the Maine Human Rights Act,An Act to Remove Consideration of Gender Identity from the Maine Human Rights Act
ME,LD1439,Defeated,"An Act to Protect the Health and Welfare of Children in Public Schools by Requiring Parental Consent for Certain Tests, Analyses and Diagnoses","An Act to Protect the Health and Welfare of Children in Public Schools by Requiring Parental Consent for Certain Tests, Analyses and Diagnoses"
ME,LD1482,Defeated,"An Act to Require Education Regarding Lesbian, Gay, Bisexual, Transgender, Queer, Questioning and Other Allied Communities","An Act to Require Education Regarding Lesbian, Gay, Bisexual, Transgender, Queer, Questioning and Other Allied Communities"
ME,LD1974,Defeated,An Act to Affirm Parental Rights,An Act to Affirm Parental Rights
ME,LD380,Defeated,An Act to Amend Certain Laws Regarding Gender-affirming Health Care Services,An Act to Amend Certain Laws Regarding Gender-affirming Health Care Services
ME,LD1134,Defeated,An Act to Prohibit Males from Participating in Female Sports or Using Female Facilities,An Act to Prohibit Males from Participating in Female Sports or Using Female Facilities
ME,LD1421,Defeated,An Act to Clarify Parental Notifications Regarding Child Care Facility Investigations,An Act to Clarify Parental Notifications Regarding Child Care Facility Investigations
DC,CER26-0105,Passed,Transgender Day of Remembrance Recognition Resolution of 2025,Transgender Day of Remembrance Recognition Resolution of 2025
KS,HB2311,Passed,"Prohibiting the secretary from adopting and enforcing policies for placement, custody and appointment of a custodian that may conflict with sincerely held religious or moral beliefs regarding sexual orientation or gender identity and creating a right of action for violations.","Prohibiting the secretary from adopting and enforcing policies for placement, custody and appointment of a custodian that may conflict with sincerely held religious or moral beliefs regarding sexual orientation or gender identity and creating a right of action for violations."
KS,SB63,Passed,"Enacting the help not harm act, restricting use of state funds to promote gender transitioning, prohibiting healthcare providers from providing gender transition care to children whose gender identity is inconsistent with the child's sex, authorizing a civil cause of action against healthcare providers for providing such treatments, requiring professional discipline against a healthcare provider who performs such treatment, prohibiting professional liability insurance from covering damages for healthcare providers that provide gender transition treatment to children and adding violation of the act to the definition of unprofessional conduct for physicians.","Enacting the help not harm act, restricting use of state funds to promote gender transitioning, prohibiting healthcare providers from providing gender transition care to children whose gender identity is inconsistent with the child's sex, authorizing a civil cause of action against healthcare providers for providing such treatments, requiring professional discipline against a healthcare provider who performs such treatment, prohibiting professional liability insurance from covering damages for healthcare providers that provide gender transition treatment to children and adding violation of the act to the definition of unprofessional conduct for physicians."
KS,SB76,Advancing,Requiring employees of school districts and postsecondary educational institutions to use the name and pronouns consistent with a student's biological sex and birth certificate and authorizing a cause of action for violations therefor.,Requiring employees of school districts and postsecondary educational institutions to use the name and pronouns consistent with a student's biological sex and birth certificate and authorizing a cause of action for violations therefor.
NE,LB383,Passed,"Adopt the Parental Rights in Social Media Act, rename the Child Pornography Prevention Act, and prohibit conduct involving computer-generated child pornography","Adopt the Parental Rights in Social Media Act, rename the Child Pornography Prevention Act, and prohibit conduct involving computer-generated child pornography"
NE,LB605,Defeated,Require each school board to adopt a policy relating to transgender student participation in extracurricular activities sponsored by a school or an athletics or activities association,Require each school board to adopt a policy relating to transgender student participation in extracurricular activities sponsored by a school or an athletics or activities association
HI,HB1875,Other/Unknown,Relating To Health Care.,"Expands the protections established under Act 2, SLH 2023, to include gender-affirming health care services, including clarifying permitted disclosures of protected health information to address changes in federal regulations. Establishes protections against abusive litigation. Prohibits medical malpractice insurers and health carriers from taking certain adverse actions against health care providers solely on the basis that the health care provider provides lawful reproductive health care services or gender-affirming care services."
HI,HB1876,Other/Unknown,Relating To Mental Health.,"Amends the existing prohibition on conversion therapy by prohibiting the practice on persons of all ages and the advertisement of such practice. Explicitly provides that talk therapy in the form of pure speech is exempt from the prohibition on conversion therapy. Takes effect upon the certification by the Attorney General that the Supreme Court of the United States has overturned the holding in Chiles v. Salazar, 116 F.4th 1178 (10th Cir. 2024)."
HI,HB1877,Other/Unknown,"Relating To The Hawaii State Lesbian, Gay, Bisexual, Transgender, Queer, Plus Commission.","Expands the membership of the Hawaii State Lesbian, Gay, Bisexual, Transgender, Queer, Plus Commission from eight voting members to eleven."
HI,HB2040,Other/Unknown,Relating To Protection Of Minors.,"Protects minors from addictive content by imposing special requirements for operators regarding consent, notifications, and age verification. Protects minors from having their online personal data processed without parental consent."
HI,HB2096,Other/Unknown,Relating To Aggravated Circumstances In Child Protective Proceedings.,"Expands the authority of the family court in child protective proceedings to find that aggravated circumstances are present at any stage prior to the termination of parental rights, not only at the outset of the case or the return hearing. Specifies what acts of torture against a child constitute aggravated circumstances."
DE,HCR22,Advancing,Recognizing March 31st As International Transgender Day Of Visibility In The State Of Delaware.,Recognizing March 31st As International Transgender Day Of Visibility In The State Of Delaware.
DE,HCR60,Advancing,Recognizing June 2025 As Lgbtq+ Pride Month In The State Of Delaware.,Recognizing June 2025 As Lgbtq+ Pride Month In The State Of Delaware.
NY,A01820,Passed,"Requires the modification of restrictive covenants prior to the sale of real property when covenants, conditions and restrictions exist which discriminate on the basis of race, color, religion, sex, sexual orientation, familial status, marital status, disability, national origin, source of income or ancestry.","Requires the modification of restrictive covenants prior to the sale of real property when covenants, conditions and restrictions exist which discriminate on the basis of race, color, religion, sex, sexual orientation, familial status, marital status, disability, national origin, source of income or ancestry."
NY,A02249,Passed,"Defines ""model management group""; provides for the registration process for model management groups; provides for exemption from registration requirements for model management companies and groups.","Defines ""model management group""; provides for the registration process for model management groups; provides for exemption from registration requirements for model management companies and groups."
NY,A03005,Passed,"Enacts into law major components of legislation necessary to implement the state public protection and general government budget for the 2025-2026 state fiscal year; extends provisions of law relating to criminal justice including the psychological testing of candidates, expanding the geographic area of employment of certain police officers, prisoner furloughs in certain cases and the crime of absconding therefrom, correctional facilities, incarcerated individual work release, furlough and leave, certain provisions which impact upon expenditure of certain appropriations made by chapter 50 of the laws of 1994 enacting the state operations budget, taxes, surcharges, fees and funding, prison and jail housing and alternatives to detention and incarceration programs, taxes, expiration of the mandatory surcharge and victim assistance fee, the ignition interlock device program, the merit provisions, prisoner litigation reform and the incarcerated individual filing fee provisions of the civil practice law and rules and general filing fee provision and incarcerated individual property claims exhaustion requirement of the court of claims act of such chapter, the family protection and domestic violence intervention act of 1994, certain provisions requiring the arrest of certain persons engaged in family violence, the use of closed-circuit television and other protective measures for certain child witnesses, the counties, the interstate compact for adult offender supervision, limiting the closing of certain correctional facilities, the custody by the department of correctional services of incarcerated individual serving definite sentences, custody of federal prisoners, the closing of certain correctional facilities, military funds of the organized militia, providing for community treatment facilities and establishing the crime of absconding from the community treatment facility; relates to the pre-criminal proceeding settlements in the city of New York (Part A); expands eligibility for who may hold correction and police officer positions (Part C); expands support services for victims of financial abuse and homicide (Part G); expands protections and services to survivors of sexual assault for itemized charges related to exams for such survivors (Part H); improves access to public assistance for survivors of gender-based violence; repeals provisions relating thereto (Part I); requires certain employers to implement a model gender-based violence and the workplace policy (Part J); prohibits artificial intelligence-generated child sexual abuse material (Part L); extends provisions of law relating to liquidator's permits and temporary retail permits (Part Q); increases the bond limit for the New York city transitional finance authority (Part R); modifies the industrial and commercial abatement program (Part S); extends the civil service examination fee waiver for certain persons (Part V); provides for an optional payment election for certain employees (Part W); authorizes construction manager as constructor contracts as an alternative delivery method for authorized projects; defines construction manager as constructor contracts (Part Y); allows certain residents or fellows to render medical care in cases of workers' compensation injuries (Part AA); provides for temporary payment of compensation for medical treatment and care, including prescription drugs (Part CC); establishes a body-worn cameras program within the department of corrections and community supervision to increase accountability (Part GG); relates to the functions, powers and duties of the state commission on correction (Part HH); extends the time the New York State community commission on reparations remedies has to submit a written report of its findings and recommendations to the legislature and the governor (Part JJ); establishes the ""Oak Orchard wastewater project design-build act"" for the wastewater treatment plant in the town of Clay, county of Onondaga (Part KK); increases the amount of allowance that trial and grand jurors are entitled to in each court of the unified court system (Part LL); establishes the New York state office of gun violence prevention (Part MM); provides for ten additional judges for the New York city civil court and five additional judges for the court of claims (Part NN); relates to public campaign financing; changes certain thresholds and procedures; repeals certain provisions of chapter 58 of 2020 relating to severability (Part OO); delays implementing certain restrictions on outside earned income by members of the legislature until January 1, 2027 (Part PP); requires that candidates for the offices of governor and lieutenant governor are designated jointly; provides that ballots shall reflect that that offices of governor and lieutenant governor are voted for jointly (Part QQ); relates to civil enforcement actions initiated by the attorney-general (Part RR); restores 20 year service retirement for New York city police officers (Part SS); establishes a twenty-five year retirement plan for firefighters employed by the division of military and naval affairs (Part TT); removes eligibility or receipt of primary social security disability benefits as a condition for ordinary disability retirement for New York city enhanced plan members in active service who are not eligible for a normal retirement benefit and have completed five years or more of service (Part UU); extends the retiree earnings limitation waiver for school employees until June 30, 2027 (Part VV); authorizes courts to dispense with the personal appearance of a party or the defendant and conduct such appearance electronically; repeals provisions relating to appearances in court; provides for the repeal of such provisions upon the expiration thereof (Part WW); relates to promotions of police detectives, sergeants, and lieutenants for retirement purposes (Part XX); establishes alternative twenty and twenty-five year plans for certain law enforcement members or officers; provides for accidental disability retirement allowance for certain members (Part YY); lowers the minimum hiring age for correction officers to eighteen (Part ZZ); extends provisions related to the operation and administration of the legislature (Part AAA); relates to authorizing the department of corrections and community supervision to close up to three correctional facilities in the 2025--2026 state fiscal year; provides for the repeal of such provisions upon expiration thereof (Part BBB).","Enacts into law major components of legislation necessary to implement the state public protection and general government budget for the 2025-2026 state fiscal year; extends provisions of law relating to criminal justice including the psychological testing of candidates, expanding the geographic area of employment of certain police officers, prisoner furloughs in certain cases and the crime of absconding therefrom, correctional facilities, incarcerated individual work release, furlough and leave, certain provisions which impact upon expenditure of certain appropriations made by chapter 50 of the laws of 1994 enacting the state operations budget, taxes, surcharges, fees and funding, prison and jail housing and alternatives to detention and incarceration programs, taxes, expiration of the mandatory surcharge and victim assistance fee, the ignition interlock device program, the merit provisions, prisoner litigation reform and the incarcerated individual filing fee provisions of the civil practice law and rules and general filing fee provision and incarcerated individual property claims exhaustion requirement of the court of claims act of such chapter, the family protection and domestic violence intervention act of 1994, certain provisions requiring the arrest of certain persons engaged in family violence, the use of closed-circuit television and other protective measures for certain child witnesses, the counties, the interstate compact for adult offender supervision, limiting the closing of certain correctional facilities, the custody by the department of correctional services of incarcerated individual serving definite sentences, custody of federal prisoners, the closing of certain correctional facilities, military funds of the organized militia, providing for community treatment facilities and establishing the crime of absconding from the community treatment facility; relates to the pre-criminal proceeding settlements in the city of New York (Part A); expands eligibility for who may hold correction and police officer positions (Part C); expands support services for victims of financial abuse and homicide (Part G); expands protections and services to survivors of sexual assault for itemized charges related to exams for such survivors (Part H); improves access to public assistance for survivors of gender-based violence; repeals provisions relating thereto (Part I); requires certain employers to implement a model gender-based violence and the workplace policy (Part J); prohibits artificial intelligence-generated child sexual abuse material (Part L); extends provisions of law relating to liquidator's permits and temporary retail permits (Part Q); increases the bond limit for the New York city transitional finance authority (Part R); modifies the industrial and commercial abatement program (Part S); extends the civil service examination fee waiver for certain persons (Part V); provides for an optional payment election for certain employees (Part W); authorizes construction manager as constructor contracts as an alternative delivery method for authorized projects; defines construction manager as constructor contracts (Part Y); allows certain residents or fellows to render medical care in cases of workers' compensation injuries (Part AA); provides for temporary payment of compensation for medical treatment and care, including prescription drugs (Part CC); establishes a body-worn cameras program within the department of corrections and community supervision to increase accountability (Part GG); relates to the functions, powers and duties of the state commission on correction (Part HH); extends the time the New York State community commission on reparations remedies has to submit a written report of its findings and recommendations to the legislature and the governor (Part JJ); establishes the ""Oak Orchard wastewater project design-build act"" for the wastewater treatment plant in the town of Clay, county of Onondaga (Part KK); increases the amount of allowance that trial and grand jurors are entitled to in each court of the unified court system (Part LL); establishes the New York state office of gun violence prevention (Part MM); provides for ten additional judges for the New York city civil court and five additional judges for the court of claims (Part NN); relates to public campaign financing; changes certain thresholds and procedures; repeals certain provisions of chapter 58 of 2020 relating to severability (Part OO); delays implementing certain restrictions on outside earned income by members of the legislature until January 1, 2027 (Part PP); requires that candidates for the offices of governor and lieutenant governor are designated jointly; provides that ballots shall reflect that that offices of governor and lieutenant governor are voted for jointly (Part QQ); relates to civil enforcement actions initiated by the attorney-general (Part RR); restores 20 year service retirement for New York city police officers (Part SS); establishes a twenty-five year retirement plan for firefighters employed by the division of military and naval affairs (Part TT); removes eligibility or receipt of primary social security disability benefits as a condition for ordinary disability retirement for New York city enhanced plan members in active service who are not eligible for a normal retirement benefit and have completed five years or more of service (Part UU); extends the retiree earnings limitation waiver for school employees until June 30, 2027 (Part VV); authorizes courts to dispense with the personal appearance of a party or the defendant and conduct such appearance electronically; repeals provisions relating to appearances in court; provides for the repeal of such provisions upon the expiration thereof (Part WW); relates to promotions of police detectives, sergeants, and lieutenants for retirement purposes (Part XX); establishes alternative twenty and twenty-five year plans for certain law enforcement members or officers; provides for accidental disability retirement allowance for certain members (Part YY); lowers the minimum hiring age for correction officers to eighteen (Part ZZ); extends provisions related to the operation and administration of the legislature (Part AAA); relates to authorizing the department of corrections and community supervision to close up to three correctional facilities in the 2025--2026 state fiscal year; provides for the repeal of such provisions upon expiration thereof (Part BBB)."
NY,K00626,Passed,"Commemorating the 33rd Anniversary of Queens LGBTQ Pride Parade on June 1, 2025","Commemorating the 33rd Anniversary of Queens LGBTQ Pride Parade on June 1, 2025"
NY,K00632,Passed,"Memorializing Governor Kathy Hochul to proclaim June 2025, as Gay Pride Month in the State of New York","Memorializing Governor Kathy Hochul to proclaim June 2025, as Gay Pride Month in the State of New York"
NY,S02491,Advancing,"Prohibits peremptory challenges of prospective jurors based on race, color, national origin, ancestry, gender, gender identity or expression, religion, religious practice, age, disability, or sexual orientation.","Prohibits peremptory challenges of prospective jurors based on race, color, national origin, ancestry, gender, gender identity or expression, religion, religious practice, age, disability, or sexual orientation."
NY,S04914,Passed,"Protects individuals who provide or receive legally protected health activity, including reproductive health care and gender-affirming care, from criminal or civil liability or professional sanctions imposed by jurisdictions outside the state.","Protects individuals who provide or receive legally protected health activity, including reproductive health care and gender-affirming care, from criminal or civil liability or professional sanctions imposed by jurisdictions outside the state."
NY,S06133,Advancing,Requires the office for the prevention of domestic violence to conduct a study on domestic violence in the transgender community with a focus on Black transgender women.,Requires the office for the prevention of domestic violence to conduct a study on domestic violence in the transgender community with a focus on Black transgender women.
NY,S08807,Advancing,Specifies that professional liability insurance insurers cannot deny coverage or increase rates solely based on legal use or prescription of certain gender-affirming care-related drugs; prescribes procedures for warrants issued in other jurisdictions for electronic data related to legally protected health activities; provides for additional procedural methods for protection of legally protected health activities.,Specifies that professional liability insurance insurers cannot deny coverage or increase rates solely based on legal use or prescription of certain gender-affirming care-related drugs; prescribes procedures for warrants issued in other jurisdictions for electronic data related to legally protected health activities; provides for additional procedural methods for protection of legally protected health activities.
NY,J00215,Passed,"Memorializing Governor Kathy Hochul to proclaim November 20, 2025, as Transgender Day of Remembrance in the State of New York","Memorializing Governor Kathy Hochul to proclaim November 20, 2025, as Transgender Day of Remembrance in the State of New York"
NY,J01252,Passed,"Memorializing Governor Kathy Hochul to proclaim June 2025, as LGBTQIA+ Pride Month in the State of New York","Memorializing Governor Kathy Hochul to proclaim June 2025, as LGBTQIA+ Pride Month in the State of New York"
IL,HB2568,Passed,TRUST CODE-UNCLAIMED PROPERTY,"Provides that the Act may be referred to as the Equality for Every Family Act. Amends the Illinois Parentage Act of 2015. Provides that the policy of this State is that a child has the same rights and protections under law to parentage without regard to the marital status, age, gender, gender identity or sexual orientation of the child's parents, or the circumstances of the child's birth, including whether the child was born as a result of assisted reproduction or surrogacy. Provides for who may sign an acknowledgment of parentage to establish the parentage of a child. Changes provisions regarding the use of genetic testing. Amends the Gestational Surrogacy Act. Provides that a parentage proceeding under the Gestational Surrogacy Act may be commenced in any county in the State. Makes requirements for a gestational surrogacy agreement and damages for a breach of such an agreement. Amends the Adoption Act. Provides for a process for a confirmatory adoption for children born through assisted reproduction. Makes other formatting and cross-referencing changes. Provides that a proceeding to adjudicate parentage that was commenced before the effective date of the amendatory Act is governed by the law in effect at the time the proceeding was commenced. Effective immediately, except that some provisions amending the Illinois Parentage Act of 2015 are effective January 1, 2026."
IL,HR0074,Passed,HONORS-HOLOCAUST VICTIMS,"Honors the memory of the Jewish people who were victims of the Holocaust and recognizes the bravery of survivors who have shared their stories with the world. Honors the memory of the millions of additional people, including prisoners of war, ethnic Poles, Romani people, Serbian civilians, people with disabilities, political opponents and dissenters, people labeled as asocial, Jehovah's Witnesses, gay, bisexual, and transgender people, and Black Germans, who were persecuted and murdered by the Nazi state and their collaborators. Expresses gratitude for the soldiers, resistance fighters, and all those who helped defeat the Nazi regime and end the Holocaust. Expresses gratitude for the American soldiers who fought around the world during World War II, including the over 980,000 men and women from Illinois who served in the U.S. Armed Forces and the approximately 22,000 who gave their lives in pursuit of liberty. Expresses gratitude for the American forces that liberated the Buchenwald concentration camp on April 11, 1945, and who would go on that month to liberate concentration camps at Dachau, Dora-Mittelbau, and Flossenburg before liberating Mauthausen in early May 1945. Urges all Illinoisans to commit to learning about the Holocaust in order to ensure that such atrocities are never perpetrated again. Urges all Illinoisans to enhance their efforts to combat antisemitism, bigotry, intolerance, and racism."
IL,HR0221,Passed,CELEBRATES-TRANS VISIBILITY,"Celebrates Transgender Day of Visibility on March 31, 2025. Commits to protecting, supporting, and affirming trans and non-binary siblings and neighbors each and every day of the year."
IL,HR0341,Passed,RECOGNIZES-HON. THOMAS CHIOLA,Recognizes the Honorable Thomas R. Chiola on his extraordinary career and contributions to the State as the first openly gay elected official in Illinois.
IL,HR0530,Passed,RECOGNIZES-JOJO BABY,Recognizes Jojo Baby's artistic innovation and decades of service to the LGBTQ community of Chicago. Commends Jojo Baby for their integral role in shaping the identity and artistic vibrancy of the Illinois drag performance scene and for their unwavering advocacy for diversity and inclusion.
IL,SB0103,Passed,ADOPTION ACT,"Amends the Adoption Act. Provides that a person may commence an adoption proceeding for a youth in care only if the youth in care is placed with the petitioning person or persons by the Department of Children and Family Services at the time the petition is filed, and the Department has provided its consent to the adoption or has otherwise approved the adoption. Requires the Department to adopt rules or procedures or both as to what constitutes its approval of the adoption. Provides that a person whose rights have been terminated under the Juvenile Court Act of 1987 does not have to be made a defendant in a petition for adoption. Provides that the following persons must be given notice of a petition for adoption unless the person has been determined not to be a parent of the child or has had parental rights terminated by a court of competent jurisdiction: (i) any person who is recorded on the child's birth certificate as the child's parent; (ii) any person who is openly living with the child or the child's mother at the time the proceeding is initiated and holds out the child as that person's child; (iii) any person who has been identified as the child's parent by the mother in a written, sworn statement, including an Affidavit of Identification; or (iv) any person who was married to the child's mother on the date of the child's birth or within 300 days before the child's birth, unless that person has been determined not to be the parent of the child or has had parental rights terminated by a court of competent jurisdiction."
IL,SB1602,Passed,SEXUAL ASSAULT TREATMENT,"Amends the Sexual Assault Survivors Emergency Treatment Act. Defines ""acute sexual assault"" as a sexual assault that has recently occurred within a specified time. Replaces various references to ""sexual assault"" with ""acute sexual assault"". Deletes the definition of ""prepubescent sexual assault survivor"". Changes provisions regarding hospitals located in counties with a population of less than 1,000,000 and within a 20-mile radius of a 4-year public university with respect to a sexual assault treatment plan approved by the Department of Public Health. Makes changes in various provisions concerning plans of correction and penalties for hospitals that commit specified violations of the Act. In provisions regarding requirements for medical forensic services, provides that the provisions of the Act are not intended to prohibit a qualified medical provider from offering an Illinois Sexual Assault Evidence Collection Kit to a sexual assault survivor who presents at a treatment hospital or approved pediatric health care facility with a nonacute complaint of sexual assault if there is a compelling reason for evidence collection, or upon the request of the survivor. In provisions regarding the prohibition on billing sexual assault survivors directly for certain services, changes references to the Office of the Attorney General to references to the Department of Healthcare and Family Services."
WI,AB74,Passed,Parental notification of alleged sexual misconduct by a school staff member. (FE),An Act to create 118.07 (6) of the statutes; Relating to: parental notification of alleged sexual misconduct by a school staff member. (FE)
WI,AB104,Advancing,Prohibiting gender transition medical intervention for individuals under 18 years of age.,"An Act to amend 441.07 (2), 448.02 (6), 448.02 (9) (intro.) and 448.978 (2) (intro.); to create 146.36, 441.07 (1j), 448.02 (3m) and 448.978 (1v) of the statutes; Relating to: prohibiting gender transition medical intervention for individuals under 18 years of age."
WI,AB614,Advancing,"A teacher’s authority to manage the teacher’s class, parental notification of disruptive or violent behavior at school, and a school district’s code of conduct. (FE)","An Act to renumber and amend 118.164 (1) and 118.21 (1); to amend 118.164 (2), 118.164 (3) (a) (intro.), 118.164 (3) (a) 4. and 120.13 (1) (a) (intro.) and 1.; to repeal and recreate 118.164 (title); to create 118.164 (1) (title), 118.164 (1) (a), (b), (c), (d) and (f), 118.164 (1m), 118.164 (2m), 118.164 (3) (title), 118.1643, 118.1645, 118.21 (1) (b), 119.16 (16) and 120.13 (1) (a) 5. and 6. of the statutes; Relating to: a teacher’s authority to manage the teacher’s class, parental notification of disruptive or violent behavior at school, and a school district’s code of conduct. (FE)"
WI,AR7,Passed,Recognizing the achievements of women athletes in Wisconsin.,Relating to: recognizing the achievements of women athletes in Wisconsin.
WA,HB1971,Passed,Increasing access to prescription hormone therapy.,Increasing access to prescription hormone therapy.
WA,SB5490,Advancing,Providing parameters for conducting searches of transgender and intersex individuals confined in a local jail in compliance with federal law.,Providing parameters for conducting searches of transgender and intersex individuals confined in a local jail in compliance with federal law.
WA,SR8642,Passed,Honoring Transgender Day of Visibility.,Honoring Transgender Day of Visibility.
TN,HB0064,Passed,"AN ACT to amend Tennessee Code Annotated, Title 49, relative to residential educational programs.","As enacted, requires all residential educational programs in this state that allow minors to participate or to access residential facilities, including staying overnight in such facilities, to segregate certain restrooms, changing areas, and showers by immutable biological sex. - Amends TCA Title 49."
TN,HB0347,Passed,"AN ACT to amend Tennessee Code Annotated, Title 36; Title 37 and Title 39, relative to children.","As enacted, clarifies that the economic disadvantage of a parent or guardian alone is not a ground for termination of parental rights; clarifies that, for purposes of laws relative to juvenile courts and proceedings, ""neglect"" does not exist solely on the basis of economic disadvantage. - Amends TCA Title 36; Title 37 and Title 39."
TN,HB0826,Passed,"AN ACT to amend Tennessee Code Annotated, Title 33; Title 36; Title 37; Title 49; Title 63 and Title 68, relative to families' rights and responsibilities.","As enacted, makes various changes and additions to the Families' Rights and Responsibilities Act, and to present law concerning parental consent for the treatment of minors. - Amends TCA Title 33; Title 36; Title 37; Title 49; Title 63 and Title 68."
TN,HB1088,Passed,"AN ACT to amend Tennessee Code Annotated, Title 49, relative to parental notification of safety concerns at public schools.","As enacted, requires an LEA that receives credible information regarding a threat of violence or significantly disruptive behavior directed toward, or occurring on the grounds of, a public school in the LEA, and that reports the threat or disruptive behavior to a state or local law enforcement agency, to notify the parents and guardians of students enrolled in the public school of the same threat or disruptive behavior within 48 hours of the LEA making its report to law enforcement. - Amends TCA Title 49."
TN,HB1142,Passed,"AN ACT to amend Tennessee Code Annotated, Title 47; Title 55 and Title 68, relative to manufactured homes.","As enacted, requires this state's definition of manufactured home to automatically update with the definition of manufactured home under title 42 of the United States Code, which currently excludes a self-propelled recreational vehicle. - Amends TCA Title 47; Title 55 and Title 68."
TN,HB1270,Passed,"AN ACT to amend Tennessee Code Annotated, Title 4; Title 8; Title 9, Chapter 8; Title 29, Chapter 20 and Title 49, relative to freedom of speech.","As enacted, prohibits a public school, LEA, or teacher, employee, or contractor of a public school or LEA from requiring a student, teacher, employee, or contractor of the public school or LEA to provide the individual's preferred pronouns; makes related revisions. - Amends TCA Title 4; Title 8; Title 9, Chapter 8; Title 29, Chapter 20 and Title 49."
TN,HR0091,Passed,A RESOLUTION to honor and congratulate Rob Pautienus on being named the 2024 WILLCO Awards Female Sports Coach of the Year.,"Rob Pautienus, 2024 WILLCO Awards Female Sports Coach of the Year"
TN,SB0119,Passed,"AN ACT to amend Tennessee Code Annotated, Title 47; Title 55 and Title 68, relative to manufactured homes.","As enacted, requires this state's definition of manufactured home to automatically update with the definition of manufactured home under title 42 of the United States Code, which currently excludes a self-propelled recreational vehicle. - Amends TCA Title 47; Title 55 and Title 68."
TN,SB0472,Passed,"AN ACT to amend Tennessee Code Annotated, Title 49, relative to residential educational programs.","As enacted, requires all residential educational programs in this state that allow minors to participate or to access residential facilities, including staying overnight in such facilities, to segregate certain restrooms, changing areas, and showers by immutable biological sex. - Amends TCA Title 49."
TN,SB0560,Passed,"AN ACT to amend Tennessee Code Annotated, Title 36; Title 37 and Title 39, relative to children.","As enacted, clarifies that the economic disadvantage of a parent or guardian alone is not a ground for termination of parental rights; clarifies that, for purposes of laws relative to juvenile courts and proceedings, ""neglect"" does not exist solely on the basis of economic disadvantage. - Amends TCA Title 36; Title 37 and Title 39."
TN,SB0895,Passed,"AN ACT to amend Tennessee Code Annotated, Title 33; Title 36; Title 37; Title 49; Title 63 and Title 68, relative to families' rights and responsibilities.","As enacted, makes various changes and additions to the Families' Rights and Responsibilities Act, and to present law concerning parental consent for the treatment of minors. - Amends TCA Title 33; Title 36; Title 37; Title 49; Title 63 and Title 68."
TN,SB0937,Passed,"AN ACT to amend Tennessee Code Annotated, Title 4; Title 8; Title 9, Chapter 8; Title 29, Chapter 20 and Title 49, relative to freedom of speech.","As enacted, prohibits a public school, LEA, or teacher, employee, or contractor of a public school or LEA from requiring a student, teacher, employee, or contractor of the public school or LEA to provide the individual's preferred pronouns; makes related revisions. - Amends TCA Title 4; Title 8; Title 9, Chapter 8; Title 29, Chapter 20 and Title 49."
TN,SB0946,Passed,"AN ACT to amend Tennessee Code Annotated, Title 49, relative to parental notification of safety concerns at public schools.","As enacted, requires an LEA that receives credible information regarding a threat of violence or significantly disruptive behavior directed toward, or occurring on the grounds of, a public school in the LEA, and that reports the threat or disruptive behavior to a state or local law enforcement agency, to notify the parents and guardians of students enrolled in the public school of the same threat or disruptive behavior within 48 hours of the LEA making its report to law enforcement. - Amends TCA Title 49."
