status,state,bill_number,description,sponsors,committee,session,latest_action,bill_id
INTRODUCED,Massachusetts,S 1505,An Act relative to LGBTQ+ health disparities,"Julian Cyr (D),Bruce Tarr (R)","HEALTH CARE FINANCING, PUBLIC HEALTH","194TH LEGISLATURE (2025-2026)
LATEST ACTION: JANUARY 29, 2026","JANUARY 29, 2026",state-ma-194th-s1505
INTRODUCED,Washington,SB 5490,Providing parameters for conducting searches of transgender and intersex individuals confined in a local jail in compliance with federal law.,"Manka Dhingra (D),Mike Chapman (D),Bob Hasegawa (D),+8 sponsors","RULES, HUMAN SERVICES, COMMUNITY SAFETY, COMMUNITY SAFETY (NOT OFFICIALLY READ AND REFERRED UNTIL ADOPTION OF INTRODUCTION REPORT)","2025-2026 REGULAR SESSION
LATEST ACTION: JANUARY 28, 2026","JANUARY 28, 2026",state-wa-2025_2026-sb5490
INTRODUCED,Washington,HB 1604,Providing parameters for conducting searches of transgender and intersex individuals confined in a local jail in compliance with federal law.,"Osman Salahuddin (D),Amy Walen (D),Strom Peterson (D),+9 sponsors","RULES, COMMUNITY SAFETY","2025-2026 REGULAR SESSION
LATEST ACTION: JANUARY 19, 2026","JANUARY 19, 2026",state-wa-2025_2026-hb1604
INTRODUCED,Washington,SB 5181,Amending the parents rights initiative to bring it into alignment with existing law.,"Claire Wilson (D),Jamie Pedersen (D),Manka Dhingra (D),+7 sponsors","EARLY LEARNING & K-12 EDUCATION, RULES, EDUCATION","2025-2026 REGULAR SESSION
LATEST ACTION: JANUARY 12, 2026","JANUARY 12, 2026",state-wa-2025_2026-sb5181
INTRODUCED,Washington,SB 5179,Establishing a complaint process to address noncompliance with certain state education laws.,"Claire Wilson (D),Liz Lovelett (D),Manka Dhingra (D),+8 sponsors","EARLY LEARNING & K-12 EDUCATION, WAYS & MEANS, RULES, EDUCATION, EDUCATION (NOT OFFICIALLY READ AND REFERRED UNTIL ADOPTION OF INTRODUCTION REPORT)","2025-2026 REGULAR SESSION
LATEST ACTION: JANUARY 12, 2026","JANUARY 12, 2026",state-wa-2025_2026-sb5179
INTRODUCED,Wisconsin,SB 380,"Relating to: eliminating criminal defenses of adequate provocation, self-defense, or not guilty by reason of mental disease or defect if the claim is based on the victim’s gender identity or sexual orientation.","Kelda Roys (D),Tim Carpenter (D),Kris Alfheim (D),+12 sponsors",JUDICIARY AND PUBLIC SAFETY,"2025-2026 REGULAR SESSION
LATEST ACTION: JANUARY 9, 2026","JANUARY 9, 2026",state-wi-2025-sb380
INTRODUCED,Wisconsin,SB 324,Relating to: prohibiting conversion therapy.,"Tim Carpenter (D),Kris Alfheim (D),Kelda Roys (D),+12 sponsors","GOVERNMENT OPERATIONS, LABOR AND ECONOMIC DEVELOPMENT","2025-2026 REGULAR SESSION
LATEST ACTION: JANUARY 9, 2026","JANUARY 9, 2026",state-wi-2025-sb324
INTRODUCED,Wisconsin,AB 361,"Relating to: eliminating criminal defenses of adequate provocation, self-defense, or not guilty by reason of mental disease or defect if the claim is based on the victim’s gender identity or sexual orientation.","Greta Neubauer (D),Ryan Spaude (D),Lee Snodgrass (D),+32 sponsors",JUDICIARY,"2025-2026 REGULAR SESSION
LATEST ACTION: JANUARY 8, 2026","JANUARY 8, 2026",state-wi-2025-ab361
INTRODUCED,Wisconsin,AB 359,Relating to: prohibiting conversion therapy.,"Lee Snodgrass (D),Angelina Cruz (D),Greta Neubauer (D),+30 sponsors","HEALTH, AGING AND LONG-TERM CARE","2025-2026 REGULAR SESSION
LATEST ACTION: JANUARY 8, 2026","JANUARY 8, 2026",state-wi-2025-ab359
INTRODUCED,New York,A 5478,"Enacts the ""gender identity respect, dignity and safety act""","Emily Gallagher (D),Nily Rozic (D),Jessica González-Rojas (D),+33 sponsors",CORRECTION,"2025 REGULAR SESSION
LATEST ACTION: JANUARY 8, 2026","JANUARY 8, 2026",state-ny-2025_2026-a5478
INTRODUCED,New York,S 7985,Provides for continuity of gender affirming care,Kristen Gonzalez (D),HEALTH,"2025 REGULAR SESSION
LATEST ACTION: JANUARY 7, 2026","JANUARY 7, 2026",state-ny-2025_2026-s7985
INTRODUCED,New York,S 7924,Relates to establishing a gender affirming care fund,"Kristen Gonzalez (D),Nathalia Fernández (D)",HEALTH,"2025 REGULAR SESSION
LATEST ACTION: JANUARY 7, 2026","JANUARY 7, 2026",state-ny-2025_2026-s7924
INTRODUCED,New York,S 7259,Relates to educational materials pertaining to sexual health to individuals enrolled in Medicaid,"Jabari Brisport (D),Julia Salazar (D)",HEALTH,"2025 REGULAR SESSION
LATEST ACTION: JANUARY 7, 2026","JANUARY 7, 2026",state-ny-2025_2026-s7259
INTRODUCED,New York,S 2463,Requires that instruction in public schools aligned to the Culturally Responsive-Sustaining Education Framework,"John Liu (D),Robert Jackson (D)",EDUCATION,"2025 REGULAR SESSION
LATEST ACTION: JANUARY 7, 2026","JANUARY 7, 2026",state-ny-2025_2026-s2463
PASSED UPPER,New York,S 1063,Requires cultural awareness and competence training for medical professionals,"Jose Serrano (D),Jamaal Bailey (D),Brad Hoylman-Sigal (D),+5 sponsors","HIGHER EDUCATION, RULES, HIGHER EDUCATION","2025 REGULAR SESSION
LATEST ACTION: JANUARY 7, 2026","JANUARY 7, 2026",state-ny-2025_2026-s1063
INTRODUCED,New York,S 1049,"Enacts the ""gender identity respect, dignity and safety act""","Julia Salazar (D),Jabari Brisport (D),Samra Brouk (D),+18 sponsors","CRIME VICTIMS, CRIME AND CORRECTION","2025 REGULAR SESSION
LATEST ACTION: JANUARY 7, 2026","JANUARY 7, 2026",state-ny-2025_2026-s1049
INTRODUCED,New York,A 885,"Establishes ""The Equity in Fertility Treatment Act""; relates to the definition of infertility and health insurance coverage for the treatment of infertility","Amy Paulin (D),Chris Burdick (D),Jeffrey Dinowitz (D),+7 sponsors",INSURANCE,"2025 REGULAR SESSION
LATEST ACTION: JANUARY 7, 2026","JANUARY 7, 2026",state-ny-2025_2026-a885
INTRODUCED,New York,A 8841,Relates to establishing a gender affirming care fund,"Jessica González-Rojas (D),Anna Kelles (D),Emily Gallagher (D),+4 sponsors",HEALTH,"2025 REGULAR SESSION
LATEST ACTION: JANUARY 7, 2026","JANUARY 7, 2026",state-ny-2025_2026-a8841
INTRODUCED,New York,A 8191,Provides for continuity of gender affirming care,"Gabriella Romero (D),Demond Meeks (D),Jessica González-Rojas (D),+4 sponsors",HEALTH,"2025 REGULAR SESSION
LATEST ACTION: JANUARY 7, 2026","JANUARY 7, 2026",state-ny-2025_2026-a8191
INTRODUCED,New York,A 8054,Requires police officer training programs on interacting with individuals who are a part of a sexual orientation and/or gender minority,"Steven Raga (D),Karines Reyes (D)","CODES, WAYS AND MEANS","2025 REGULAR SESSION
LATEST ACTION: JANUARY 7, 2026","JANUARY 7, 2026",state-ny-2025_2026-a8054
INTRODUCED,New York,A 7230,Establishes duties for pharmacies when pharmacists employed by such pharmacy refuse to fill prescriptions on the basis of personal beliefs,Rodneyse Bichotte Hermelyn (D),HIGHER EDUCATION,"2025 REGULAR SESSION
LATEST ACTION: JANUARY 7, 2026","JANUARY 7, 2026",state-ny-2025_2026-a7230
INTRODUCED,New York,A 6758,"Relates to a pharmacy's obligation to properly dispense or refill a prescription for a drug or device, or a non-prescription drug or device",Tony Simone (D),HIGHER EDUCATION,"2025 REGULAR SESSION
LATEST ACTION: JANUARY 7, 2026","JANUARY 7, 2026",state-ny-2025_2026-a6758
INTRODUCED,New York,A 6729,Relates to educational materials pertaining to sexual health to individuals enrolled in Medicaid,"Tony Simone (D),Chris Burdick (D)",SOCIAL SERVICES,"2025 REGULAR SESSION
LATEST ACTION: JANUARY 7, 2026","JANUARY 7, 2026",state-ny-2025_2026-a6729
INTRODUCED,New York,A 6596,Requires Medicaid to cover gender-affirming care regardless of federal funding; prohibits discriminatory practices by health care entities and insurers; relates to coverage for treatment for gender dysphoria,"Linda Rosenthal (D),Catalina Cruz (D),Jessica González-Rojas (D),+12 sponsors",HEALTH,"2025 REGULAR SESSION
LATEST ACTION: JANUARY 7, 2026","JANUARY 7, 2026",state-ny-2025_2026-a6596
INTRODUCED,New York,A 5076,Relates to the prohibition on certain databases and registries,Karines Reyes (D),GOVERNMENTAL OPERATIONS,"2025 REGULAR SESSION
LATEST ACTION: JANUARY 7, 2026","JANUARY 7, 2026",state-ny-2025_2026-a5076
INTRODUCED,New York,A 41,Relates to the consideration of gender affirming care in custody matters,Chris Burdick (D),JUDICIARY,"2025 REGULAR SESSION
LATEST ACTION: JANUARY 7, 2026","JANUARY 7, 2026",state-ny-2025_2026-a41
INTRODUCED,New York,A 319,Requires cultural awareness and competence training for medical professionals,"Catalina Cruz (D),Chris Burdick (D),Steven Raga (D),+1 sponsor",HIGHER EDUCATION,"2025 REGULAR SESSION
LATEST ACTION: JANUARY 7, 2026","JANUARY 7, 2026",state-ny-2025_2026-a319
INTRODUCED,Nebraska,LR 6CA,Constitutional amendment to recognize marriage of couples regardless of gender and race and strike language regarding gender,Machaela Cavanaugh (N),JUDICIARY,"109TH LEGISLATURE (2025-2026)
LATEST ACTION: JANUARY 7, 2026","JANUARY 7, 2026",state-ne-109-lr6ca
INTRODUCED,Nebraska,LB 367,Prohibit conversion therapy and provide for disciplinary sanctions and a deceptive trade practice,Megan Hunt (N),HEALTH AND HUMAN SERVICES,"109TH LEGISLATURE (2025-2026)
LATEST ACTION: JANUARY 7, 2026","JANUARY 7, 2026",state-ne-109-lb367
INTRODUCED,Hawaii,SB 799,RELATING TO THE FREEDOM TO READ.,"Karl Rhoads (D),Stanley Chang (D),Carol Fukunaga (D),+1 sponsor","JDC, EDU","2025 REGULAR SESSION
LATEST ACTION: DECEMBER 8, 2025","DECEMBER 8, 2025",state-hi-2025-sb799
INTRODUCED,Hawaii,SB 718,RELATING TO EQUITY.,"Henry Aquino (D),Stanley Chang (D),Kurt Fevella (R),+4 sponsors","CPN, WAM, HHS, GVO","2025 REGULAR SESSION
LATEST ACTION: DECEMBER 8, 2025","DECEMBER 8, 2025",state-hi-2025-sb718
INTRODUCED,Hawaii,SB 23,RELATING TO INSURANCE.,"Jarrett Keohokalole (D),Stanley Chang (D),Troy Hashimoto (D),+2 sponsors","CPN, HHS","2025 REGULAR SESSION
LATEST ACTION: DECEMBER 8, 2025","DECEMBER 8, 2025",state-hi-2025-sb23
INTRODUCED,Hawaii,SB 1224,RELATING TO INSURANCE.,"Karl Rhoads (D),Stanley Chang (D)","CPN, JDC, WAM, HHS","2025 REGULAR SESSION
LATEST ACTION: DECEMBER 8, 2025","DECEMBER 8, 2025",state-hi-2025-sb1224
INTRODUCED,Hawaii,SB 1010,RELATING TO SEX-BASED DISCRIMINATION.,"LEE,C.,Stanley Chang (D),+2 sponsors","JDC, EDU, WAM, HRE","2025 REGULAR SESSION
LATEST ACTION: DECEMBER 8, 2025","DECEMBER 8, 2025",state-hi-2025-sb1010
INTRODUCED,Hawaii,HB 758,RELATING TO SEX-BASED DISCRIMINATION.,"Amy Perruso (D),Terez Amato (D),Della Belatti (D),+7 sponsors","HED, JHA, FIN, EDN","2025 REGULAR SESSION
LATEST ACTION: DECEMBER 8, 2025","DECEMBER 8, 2025",state-hi-2025-hb758
INTRODUCED,Hawaii,HB 710,RELATING TO INSURANCE.,Jenna Takenouchi (D),"HLT, JHA, CPC","2025 REGULAR SESSION
LATEST ACTION: DECEMBER 8, 2025","DECEMBER 8, 2025",state-hi-2025-hb710
INTRODUCED,Massachusetts,S 1660,"An Act to promote rehabilitation including guaranteed health, treatment, and safety for incarcerated LGBTQI+ People",Julian Cyr (D),PUBLIC SAFETY AND HOMELAND SECURITY,"194TH LEGISLATURE (2025-2026)
LATEST ACTION: DECEMBER 4, 2025","DECEMBER 4, 2025",state-ma-194th-s1660
INTRODUCED,New York,S 6377,Requires Medicaid to cover gender-affirming care regardless of federal funding; prohibits discriminatory practices by health care entities and insurers; relates to coverage for treatment for gender dysphoria,Brad Hoylman-Sigal (D),HEALTH,"2025 REGULAR SESSION
LATEST ACTION: NOVEMBER 25, 2025","NOVEMBER 25, 2025",state-ny-2025_2026-s6377
INTRODUCED,Massachusetts,S 2155,An Act establishing a commission on the status of transgender people,"Pat Jehlen (D),Lindsay Sabadosa (D),Jamie Eldridge (D),+6 sponsors",STATE ADMINISTRATION AND REGULATORY OVERSIGHT,"194TH LEGISLATURE (2025-2026)
LATEST ACTION: NOVEMBER 24, 2025","NOVEMBER 24, 2025",state-ma-194th-s2155
BECAME LAW,California,SB 59,Change of name or gender and sex identifier.,"Scott Wiener (D),Christopher Cabaldon (D),Sabrina Cervantes (D),+9 sponsors","RULES, JUDICIARY, APPROPRIATIONS","2025-2026 REGULAR SESSION
LATEST ACTION: OCTOBER 13, 2025","OCTOBER 13, 2025",state-ca-20252026-sb59
VETOED,California,SB 418,Health care coverage: prescription hormone therapy and nondiscrimination.,"Caroline Menjivar (D),Sabrina Cervantes (D),Mia Bonta (D)","RULES, JUDICIARY, HEALTH, APPROPRIATIONS, BUSINESS AND PROFESSIONS","2025-2026 REGULAR SESSION
LATEST ACTION: OCTOBER 13, 2025","OCTOBER 13, 2025",state-ca-20252026-sb418
BECAME LAW,California,AB 1084,Change of name and gender and sex identifier.,"Rick Zbur (D),Mark González (D),Corey Jackson (D),+8 sponsors","RULES, JUDICIARY, HEALTH, APPROPRIATIONS","2025-2026 REGULAR SESSION
LATEST ACTION: OCTOBER 13, 2025","OCTOBER 13, 2025",state-ca-20252026-ab1084
BECAME LAW,California,AB 715,Educational equity: discrimination: antisemitism prevention.,"Rick Zbur (D),Dawn Addis (D),Mike Fong (D),+4 sponsors","RULES, JUDICIARY, EDUCATION, APPROPRIATIONS","2025-2026 REGULAR SESSION
LATEST ACTION: OCTOBER 7, 2025","OCTOBER 7, 2025",state-ca-20252026-ab715
INTRODUCED,Texas,SB 50,Relating to including instruction on contraception as part of human sexuality instruction in public schools.,Carol Alvarado (D),(NO COMMITTEE),"89TH LEGISLATURE, 1ST CALLED SESSION (2025)
LATEST ACTION: JULY 28, 2025","JULY 28, 2025",state-tx-891-sb50
SIGNED BY GOVERNOR,Connecticut,SB 1380,AN ACT PROHIBITING DISCRIMINATION BY HEALTH CARE PROVIDERS IN THE PROVISION OF HEALTH CARE SERVICES IN THE STATE.,,JUDICIARY,"2025 REGULAR SESSION
LATEST ACTION: JULY 8, 2025","JULY 8, 2025",state-ct-2025-sb1380
PASSED LOWER,Maine,LD 260,"Resolution, Proposing An Amendment To The Constitution Of Maine To Establish That All Maine Residents Have Equal Rights Under The Law","Holly Sargent (D),Mana Abdi (D),Dan Ankeles (D),+90 sponsors",JUDICIARY,"132ND LEGISLATURE (2025-2026)
LATEST ACTION: JUNE 25, 2025","JUNE 25, 2025",state-me-132-ld260
PASSED,Maine,LD 1328,An Act To Create Housing And Recovery Services For Lgbtqia+ Individuals,"Laurie Osher (D),Cheryl Golek (D),Craig Hickman (D),+6 sponsors","HOUSING AND ECONOMIC DEVELOPMENT, HOUSING AND ECONOMIC DEVELOPMENT","132ND LEGISLATURE (2025-2026)
LATEST ACTION: JUNE 25, 2025","JUNE 25, 2025",state-me-132-ld1328
INTRODUCED,Florida,SB 932,Health Care Freedom Act,"Shev Jones (D),Smith","HEALTH POLICY, APPROPRIATIONS SUBCOMMITTEE ON HEALTH AND HUMAN SERVICES, FISCAL POLICY","2025 REGULAR SESSION
LATEST ACTION: JUNE 16, 2025","JUNE 16, 2025",state-fl-2025-sb932
INTRODUCED,Florida,SB 144,Marriage Between Persons of the Same Sex,Tina Polsky (D),"JUDICIARY, COMMUNITY AFFAIRS, RULES","2025 REGULAR SESSION
LATEST ACTION: JUNE 16, 2025","JUNE 16, 2025",state-fl-2025-sb144
INTRODUCED,Florida,SB 1340,Gay and Transgender Panic Legal Defenses,Smith,"JUDICIARY, CRIMINAL JUSTICE, FISCAL POLICY","2025 REGULAR SESSION
LATEST ACTION: JUNE 16, 2025","JUNE 16, 2025",state-fl-2025-sb1340
INTRODUCED,Florida,HB 823,Health Care,Anna Eskamani (D),"HEALTH & HUMAN SERVICES COMMITTEE, HEALTH CARE BUDGET SUBCOMMITTEE, HEALTH PROFESSIONS & PROGRAMS SUBCOMMITTEE","2025 REGULAR SESSION
LATEST ACTION: JUNE 16, 2025","JUNE 16, 2025",state-fl-2025-hb823
INTRODUCED,Florida,HB 1235,Gay and Transgender Panic Legal Defenses,"Rita Harris (D),Daryl Campbell (D)","JUDICIARY COMMITTEE, CRIMINAL JUSTICE SUBCOMMITTEE","2025 REGULAR SESSION
LATEST ACTION: JUNE 16, 2025","JUNE 16, 2025",state-fl-2025-hb1235
SIGNED BY GOVERNOR,Maine,LD 1945,An Act To Clarify Data Collection Processes In Health Care Facilities,Ambureen Rana (D),HEALTH AND HUMAN SERVICES,"132ND LEGISLATURE (2025-2026)
LATEST ACTION: JUNE 10, 2025","JUNE 10, 2025",state-me-132-ld1945
INTRODUCED,Rhode Island,HB 6368,AN ACT RELATING TO INSURANCE -- ACCIDENT AND SICKNESS INSURANCE POLICIES,"Rebecca Kislak (D),Susan Donovan (D),June Speakman (D),+7 sponsors",HEALTH AND HUMAN SERVICES,"2025 REGULAR SESSION
LATEST ACTION: JUNE 3, 2025","JUNE 3, 2025",state-ri-2025-hb6368
INTRODUCED,New Mexico,SB 508,COVERAGE FOR CERTAIN HEALTH CARE,"Heather Berghmans (D),Carrie Hamblen (D),Angel Charley (D),+2 sponsors","FINANCE, TAX, BUSINESS AND TRANSPORTATION","2025 REGULAR SESSION
LATEST ACTION: JUNE 3, 2025","JUNE 3, 2025",state-nm-2025-sb508
INTRODUCED,New Mexico,SB 258,HUMAN SEXUALITY EDUCATION,"Yanira Gurrola (D),Angel Charley (D)","EDUCATION, FINANCE, HEALTH, PUBLIC AFFAIRS","2025 REGULAR SESSION
LATEST ACTION: JUNE 3, 2025","JUNE 3, 2025",state-nm-2025-sb258
SIGNED BY GOVERNOR,Connecticut,HB 6913,AN ACT PROHIBITING LONG-TERM CARE FACILITIES FROM DISCRIMINATING AGAINST LONG-TERM CARE FACILITY RESIDENTS.,,AGING,"2025 REGULAR SESSION
LATEST ACTION: JUNE 3, 2025","JUNE 3, 2025",state-ct-2025-hb6913
VETOED,Nevada,SB 171,Enacts a shield law to protect the transgender community. (BDR 54-12),"James Ohrenschall (D),Melanie Scheible (D)",COMMERCE AND LABOR,"2025 REGULAR SESSION
LATEST ACTION: JUNE 2, 2025","JUNE 2, 2025",state-nv-83-sb171
INTRODUCED,Illinois,SB 2507,PARENTAGE-EQUALITY,"Don Harmon (D),Laura Fine (D),Graciela Guzmán (D),+5 sponsors",ASSIGNMENTS,"104TH REGULAR SESSION
LATEST ACTION: MAY 29, 2025","MAY 29, 2025",state-il-104th-sb2507
INTRODUCED,Ohio,HB 300,Prohibit conversion therapy for minors by certain professionals,"Karen Brownlee (D),Crystal Lett (D),Beryl Piccolantonio (D),+12 sponsors",HEALTH,"136TH LEGISLATURE (2025-2026)
LATEST ACTION: MAY 28, 2025","MAY 28, 2025",state-oh-136-hb300
REFERRED TO COMMITTEE,Illinois,HB 2904,HEALTH CARE TRANSPARENCY,"Dee Avelar (D),Kelly Cassidy (D),Laura Faver Dias (D),+6 sponsors","RULES, HEALTH CARE AVAILABILITY & ACCESSIBILITY","104TH REGULAR SESSION
LATEST ACTION: MAY 28, 2025","MAY 28, 2025",state-il-104th-hb2904
INTRODUCED,Montana,LC 2832,Prohibit panic defense in criminal proceedings,,(NO COMMITTEE),"2025 REGULAR SESSION
LATEST ACTION: MAY 27, 2025","MAY 27, 2025",state-mt-2025-lc2832
SIGNED BY GOVERNOR,Vermont,H 98,An act relating to confirmatory adoptions and standby guardianships,"Barbara Rachelson (D),Angela Arsenault (D),Kevin Christie (D),+3 sponsors","JUDICIARY, JUDICIARY","2025-2026 REGULAR SESSION
LATEST ACTION: MAY 22, 2025","MAY 22, 2025",state-vt-2025_2026-h98
REFERRED TO COMMITTEE,Illinois,HB 2683,PARENTAGE-EQUALITY,"Tracy Katz Muhl (D),Kelly Cassidy (D),Anne Stava (D),+36 sponsors","JUDICIARY - CIVIL, RULES","104TH REGULAR SESSION
LATEST ACTION: MAY 21, 2025","MAY 21, 2025",state-il-104th-hb2683
BECAME LAW,Washington,HB 1296,Promoting a safe and supportive public education system.,"Monica Stonier (D),Nicole Macri (D),Debra Lekanoff (D),+21 sponsors","EDUCATION, RULES, WAYS & MEANS, EARLY LEARNING & K-12 EDUCATION, EARLY LEARNING & K-12 EDUCATION (NOT OFFICIALLY READ AND REFERRED UNTIL ADOPTION OF INTRODUCTION REPORT)","2025-2026 REGULAR SESSION
LATEST ACTION: MAY 20, 2025","MAY 20, 2025",state-wa-2025_2026-hb1296
SIGNED BY GOVERNOR,Colorado,HB 25-1312,Legal Protections for Transgender Individuals,"Lorena García (D),Rebekah Stewart (D),Faith Winter (D),+42 sponsors","JUDICIARY, JUDICIARY, HOUSE COMMITTEE OF THE WHOLE, SENATE COMMITTEE OF THE WHOLE","2025 REGULAR SESSION
LATEST ACTION: MAY 16, 2025","MAY 16, 2025",state-co-2025a-hb251312
INTRODUCED,Missouri,HB 796,Prohibits certain mental health professionals from engaging in conversion therapy with minors,Keri Ingle (D),EMERGING ISSUES,"2025 REGULAR SESSION
LATEST ACTION: MAY 15, 2025","MAY 15, 2025",state-mo-2025-hb796
INTRODUCED,Missouri,HB 703,Creates provisions relating to the use of reproductive or sexual health application information,Eric Woods (D),EMERGING ISSUES,"2025 REGULAR SESSION
LATEST ACTION: MAY 15, 2025","MAY 15, 2025",state-mo-2025-hb703
INTRODUCED,Missouri,HB 1460,"Prohibits discrimination based on sexual orientation, gender identity, or veteran status","Wick Thomas (D),Lilly Fuchs (D)",EMERGING ISSUES,"2025 REGULAR SESSION
LATEST ACTION: MAY 15, 2025","MAY 15, 2025",state-mo-2025-hb1460
INTRODUCED,Missouri,HB 1091,Prohibits certain mental health professionals from engaging in conversion therapy with minors,"Jeremy Dean (D),Wick Thomas (D),Lilly Fuchs (D)",EMERGING ISSUES,"2025 REGULAR SESSION
LATEST ACTION: MAY 15, 2025","MAY 15, 2025",state-mo-2025-hb1091
SIGNED BY GOVERNOR,Colorado,SB 25-130,Providing Emergency Medical Services,"Julie Gonzales (D),Mike Weissman (D),Meg Froelich (D),+57 sponsors","APPROPRIATIONS, JUDICIARY, APPROPRIATIONS, HOUSE COMMITTEE OF THE WHOLE, SENATE COMMITTEE OF THE WHOLE, HEALTH & HUMAN SERVICES","2025 REGULAR SESSION
LATEST ACTION: MAY 14, 2025","MAY 14, 2025",state-co-2025a-sb25130
INTRODUCED,Texas,HB 5494,Relating to parentage resulting from assisted reproduction and gestational agreements.,John Bryant (D),S/C ON FAMILY & FIDUCIARY RELATIONSHIPS BY SPEAKER,"89TH LEGISLATURE (2025)
LATEST ACTION: MAY 14, 2025","MAY 14, 2025",state-tx-89r-hb5494
BECAME LAW,Washington,SB 5632,Protecting the confidentiality of records and information that may be relevant to another state's enforcement of its laws.,"Drew Hansen (D),Bob Hasegawa (D),Rebecca Saldaña (D),+3 sponsors","LAW & JUSTICE, RULES, CIVIL RIGHTS & JUDICIARY, CIVIL RIGHTS & JUDICIARY (NOT OFFICIALLY READ AND REFERRED UNTIL ADOPTION OF INTRODUCTION REPORT)","2025-2026 REGULAR SESSION
LATEST ACTION: MAY 12, 2025","MAY 12, 2025",state-wa-2025_2026-sb5632
INTRODUCED,New Jersey,A 5630,"Mandates biennial LGBTQ+ cultural training for certain educators, healthcare professionals, and State employees.",Jessica Ramirez (D),REGULATED PROFESSIONS,"2024-2025 REGULAR SESSION
LATEST ACTION: MAY 8, 2025","MAY 8, 2025",state-nj-221-a5630
INTRODUCED,Michigan,HB 4450,Labor: fair employment practices; certain physical characteristics of employees; prohibit employers from discriminating based on. Creates new act.,"Tyrone Carter (D),Carol Glanville (D),Julie Brixie (D),+30 sponsors",ECONOMIC COMPETITIVENESS,"2025-2026 REGULAR SESSION
LATEST ACTION: MAY 7, 2025","MAY 7, 2025",state-mi-2025_2026-hb4450
INTRODUCED,Massachusetts,H 1252,An Act relative to gender identity in insurance,"Jay Livingstone (D),Sam Montaño (D)",FINANCIAL SERVICES,"194TH LEGISLATURE (2025-2026)
LATEST ACTION: MAY 7, 2025","MAY 7, 2025",state-ma-194th-h1252
INTRODUCED,Arkansas,HB 1032,TO BAN CONVERSION THERAPY.,"Andrew Collins (D),Joy Springer (D)","PUBLIC HEALTH, WELFARE AND LABOR","2025 REGULAR SESSION
LATEST ACTION: MAY 5, 2025","MAY 5, 2025",state-ar-2025-hb1032
INTRODUCED,Pennsylvania,HB 1315,"An Act amending Title 54 (Names) of the Pennsylvania Consolidated Statutes, in judicial change of name, further providing for court approval required for change of name.","Ben Sanchez (D),Nancy Guenst (D),Carol Hill-Evans (D),+15 sponsors",JUDICIARY,"2025-2026 REGULAR SESSION
LATEST ACTION: APRIL 28, 2025","APRIL 28, 2025",state-pa-2025_2026-hb1315
INTRODUCED,Pennsylvania,HB 1312,"An Act amending the act of June 29, 1953 (P.L.304, No.66), known as the Vital Statistics Law of 1953, in death and fetal death registration, providing for nonbinary designation.","Ben Sanchez (D),Joe Hohenstein (D),Ben Waxman (D),+12 sponsors",HEALTH,"2025-2026 REGULAR SESSION
LATEST ACTION: APRIL 28, 2025","APRIL 28, 2025",state-pa-2025_2026-hb1312
SIGNED BY GOVERNOR,Colorado,SB 25-129,Legally Protected Health-Care Activity Protections,"Lisa Cutter (D),Faith Winter (D),Junie Joseph (D),+56 sponsors","JUDICIARY, JUDICIARY, HOUSE COMMITTEE OF THE WHOLE, SENATE COMMITTEE OF THE WHOLE","2025 REGULAR SESSION
LATEST ACTION: APRIL 24, 2025","APRIL 24, 2025",state-co-2025a-sb25129
INTRODUCED,Connecticut,HB 7135,AN ACT CONCERNING THE PROVISION OF REPRODUCTIVE AND GENDER-AFFIRMING HEALTH CARE SERVICES TO PATIENTS.,,JUDICIARY,"2025 REGULAR SESSION
LATEST ACTION: APRIL 24, 2025","APRIL 24, 2025",state-ct-2025-hb7135
INTRODUCED,Wisconsin,AB 215,Relating to: eliminating the publication requirement for a name change petition seeking to conform an individual’s name with the individual’s gender identity.,"Ryan Clancy (D),Lee Snodgrass (D),Margaret Arney (D),+28 sponsors",JUDICIARY,"2025-2026 REGULAR SESSION
LATEST ACTION: APRIL 23, 2025","APRIL 23, 2025",state-wi-2025-ab215
SIGNED BY GOVERNOR,Colorado,HB 25-1109,Gender Identity Certificate of Death,"Karen McCormick (D),Kyle Brown (D),Mike Weissman (D),+30 sponsors","STATE, VETERANS, & MILITARY AFFAIRS, HOUSE COMMITTEE OF THE WHOLE, SENATE COMMITTEE OF THE WHOLE, HEALTH & HUMAN SERVICES","2025 REGULAR SESSION
LATEST ACTION: APRIL 17, 2025","APRIL 17, 2025",state-co-2025a-hb251109
INTRODUCED,Louisiana,HB 429,EMPLOYMENT/DISCRIMINATN: Provides relative to employment discrimination based on gender identity and sexual orientation,Delisha Boyd (D),LABOR AND INDUSTRIAL RELATIONS,"2025 REGULAR SESSION
LATEST ACTION: APRIL 14, 2025","APRIL 14, 2025",state-la-2025-hb429
INTRODUCED,Nevada,AB 74,Revises provisions relating to insurance. (BDR 57-256),Assembly Committee on Commerce and Labor,COMMERCE AND LABOR,"2025 REGULAR SESSION
LATEST ACTION: APRIL 12, 2025","APRIL 12, 2025",state-nv-83-ab74
SIGNED BY GOVERNOR,Colorado,SB 25-014,Protecting the Freedom to Marry,"Jessie Danielson (D),Lorena García (D),Brianna Titone (D),+52 sponsors","JUDICIARY, STATE, VETERANS, & MILITARY AFFAIRS, HOUSE COMMITTEE OF THE WHOLE, SENATE COMMITTEE OF THE WHOLE","2025 REGULAR SESSION
LATEST ACTION: APRIL 7, 2025","APRIL 7, 2025",state-co-2025a-sb25014
INTRODUCED,Texas,HB 5056,Relating to human sexuality education in public schools.,Ron Reynolds (D),PUBLIC EDUCATION,"89TH LEGISLATURE (2025)
LATEST ACTION: APRIL 7, 2025","APRIL 7, 2025",state-tx-89r-hb5056
INTRODUCED,Texas,HB 4624,Relating to a limitation on the use of a victim's gender identity or sexual orientation as the basis for a defense in the trial of a criminal offense.,Joe Moody (D),CRIMINAL JURISPRUDENCE,"89TH LEGISLATURE (2025)
LATEST ACTION: APRIL 3, 2025","APRIL 3, 2025",state-tx-89r-hb4624
INTRODUCED,Minnesota,SF 3154,Foster youth bill of rights establishment,"Mary Kunesh-Podein (D),Erin Maye Quade (D),Bobby Joe Champion (D)",HEALTH AND HUMAN SERVICES COMMITTEE,"2025-2026 REGULAR SESSION
LATEST ACTION: APRIL 3, 2025","APRIL 3, 2025",state-mn-2025_2026-sf3154
INTRODUCED,Texas,HB 4328,Relating to a limitation on the use of a victim's gender identity or sexual orientation as the basis for a defense in the trial of a criminal offense.,Joe Moody (D),CRIMINAL JURISPRUDENCE,"89TH LEGISLATURE (2025)
LATEST ACTION: APRIL 1, 2025","APRIL 1, 2025",state-tx-89r-hb4328
INTRODUCED,Minnesota,HF 3024,Foster youth bill of rights established.,Jess Hanson (D),CHILDREN AND FAMILIES FINANCE AND POLICY,"2025-2026 REGULAR SESSION
LATEST ACTION: APRIL 1, 2025","APRIL 1, 2025",state-mn-2025_2026-hf3024
INTRODUCED,North Carolina,HB 538,Equality for All.,"Allison Dahle (D),Deb Butler (D),Pricey Harrison (D),+8 sponsors","RULES, CALENDAR, AND OPERATIONS OF THE HOUSE","2025-2026 SESSION
LATEST ACTION: MARCH 27, 2025","MARCH 27, 2025",state-nc-2025-hb538
INTRODUCED,Minnesota,SF 3018,Court procedure for a change of sex to vital records clarification,"Clare Oumou Verbeten (D),Erin Maye Quade (D),Scott Dibble (D),+1 sponsor",JUDICIARY AND PUBLIC SAFETY,"2025-2026 REGULAR SESSION
LATEST ACTION: MARCH 27, 2025","MARCH 27, 2025",state-mn-2025_2026-sf3018
INTRODUCED,North Carolina,HB 502,Gender-Affirming Rights Act.,"Allison Dahle (D),Deb Butler (D),Pricey Harrison (D),+4 sponsors","RULES, CALENDAR, AND OPERATIONS OF THE HOUSE","2025-2026 SESSION
LATEST ACTION: MARCH 26, 2025","MARCH 26, 2025",state-nc-2025-hb502
INTRODUCED,North Carolina,HB 497,Ban on Gay and Trans Panic Defense.,"Allison Dahle (D),Vernetta Alston (D),Cynthia Ball (D),+17 sponsors","RULES, CALENDAR, AND OPERATIONS OF THE HOUSE","2025-2026 SESSION
LATEST ACTION: MARCH 26, 2025","MARCH 26, 2025",state-nc-2025-hb497
PASSED,Virginia,SJ 249,Constitutional amendment; marriage between two adult persons.,"Adam Ebbin (D),Ghazala Hashmi (D),Scott Surovell (D),+18 sponsors",PRIVILEGES AND ELECTIONS,"2025 REGULAR SESSION
LATEST ACTION: MARCH 25, 2025","MARCH 25, 2025",state-va-2025-sj249
PASSED,Virginia,HJ 9,Constitutional amendment; marriage between two adult persons.,"Mark Sickles (D),Elizabeth Bennett-Parker (D),David Bulova (D),+52 sponsors",PRIVILEGES AND ELECTIONS,"2025 REGULAR SESSION
LATEST ACTION: MARCH 25, 2025","MARCH 25, 2025",state-va-2025-hj9
INTRODUCED,North Carolina,HB 494,Mental Health Protection Act.,"Allison Dahle (D),Pricey Harrison (D),Eric Ager (D),+19 sponsors","RULES, CALENDAR, AND OPERATIONS OF THE HOUSE","2025-2026 SESSION
LATEST ACTION: MARCH 25, 2025","MARCH 25, 2025",state-nc-2025-hb494
INTRODUCED,Missouri,SB 704,"Modifies provisions relating to child protection, including child abuse and endangering a child",Joe Nicola (R),"FAMILIES, SENIORS AND HEALTH","2025 REGULAR SESSION
LATEST ACTION: MARCH 24, 2025","MARCH 24, 2025",state-mo-2025-sb704
INTRODUCED,New Jersey,S 4278,Makes various revisions to law pertaining to electronic medical records and recording certain minor patients' demographic information.,"Holly Schepisi (R),Jim Holzapfel (R)","HEALTH, HUMAN SERVICES AND SENIOR CITIZENS","2024-2025 REGULAR SESSION
LATEST ACTION: MARCH 24, 2025","MARCH 24, 2025",state-nj-221-s4278
INTRODUCED,North Carolina,SB 382,Mental Health Protection Act.,"Lisa Grafstein (D),Natalie Murdock (D),Sophia Chitlik (D),+3 sponsors",RULES AND OPERATIONS OF THE SENATE,"2025-2026 SESSION
LATEST ACTION: MARCH 24, 2025","MARCH 24, 2025",state-nc-2025-sb382
REFERRED TO COMMITTEE,Illinois,HB 2381,SCH CD-SCH BD-LGBTQ+ TRAINING,"Laura Faver Dias (D),Marcus Evans (D),Maura Hirschauer (D),+10 sponsors","RULES, EDUCATION POLICY","104TH REGULAR SESSION
LATEST ACTION: MARCH 21, 2025","MARCH 21, 2025",state-il-104th-hb2381
INTRODUCED,New Jersey,A 5488,Makes various revisions to law pertaining to electronic medical records and recording certain minor patients' demographic information.,"John Azzariti (R),Greg McGuckin (R)",HEALTH,"2024-2025 REGULAR SESSION
LATEST ACTION: MARCH 20, 2025","MARCH 20, 2025",state-nj-221-a5488
INTRODUCED,Texas,HB 2758,Relating to certain statutory changes to reflect and address same-sex marriages and parenting relationships and to the removal of provisions regarding the criminality or unacceptability of homosexual conduct.,John Bryant (D),JUDICIARY & CIVIL JURISPRUDENCE,"89TH LEGISLATURE (2025)
LATEST ACTION: MARCH 19, 2025","MARCH 19, 2025",state-tx-89r-hb2758
INTRODUCED,Michigan,HB 4251,Libraries: policies and practices; district library freedom to read act; establish. Creates new act. TIE BAR WITH: HB 4250'25,"Carol Glanville (D),Veronica Paiz (D),Joey Andrews (D),+11 sponsors",GOVERNMENT OPERATIONS,"2025-2026 REGULAR SESSION
LATEST ACTION: MARCH 19, 2025","MARCH 19, 2025",state-mi-2025_2026-hb4251
INTRODUCED,Michigan,HB 4250,Libraries: policies and practices; public library freedom to read act; establish. Creates new act. TIE BAR WITH: HB 4251'25,"Veronica Paiz (D),Carol Glanville (D),Joey Andrews (D),+11 sponsors",GOVERNMENT OPERATIONS,"2025-2026 REGULAR SESSION
LATEST ACTION: MARCH 19, 2025","MARCH 19, 2025",state-mi-2025_2026-hb4250
INTRODUCED,West Virginia,HB 3495,"Prohibiting civil rights violations based on disability, gender identity or sexual orientation","John Williams (D),Kayla Young (D)",JUDICIARY,"2025 REGULAR SESSION
LATEST ACTION: MARCH 18, 2025","MARCH 18, 2025",state-wv-2025-hb3495
INTRODUCED,Missouri,SB 608,Prohibits discrimination based on sexual orientation or gender identity,Lewis,"FAMILIES, SENIORS AND HEALTH","2025 REGULAR SESSION
LATEST ACTION: MARCH 13, 2025","MARCH 13, 2025",state-mo-2025-sb608
INTRODUCED,Texas,HB 1601,"Relating to the prohibition, prevention, and remedying of certain discrimination.","Jon Rosenthal (D),Jessica González (D),Lauren Simmons (D),+1 sponsor",STATE AFFAIRS,"89TH LEGISLATURE (2025)
LATEST ACTION: MARCH 12, 2025","MARCH 12, 2025",state-tx-89r-hb1601
INTRODUCED,Texas,HB 1559,Relating to prohibited nonconsensual medical procedures and treatment on certain minors with intersex traits.,Ana Hernandez (D),PUBLIC HEALTH,"89TH LEGISLATURE (2025)
LATEST ACTION: MARCH 12, 2025","MARCH 12, 2025",state-tx-89r-hb1559
INTRODUCED,Kansas,HB 2407,"Amending the Kansas act against discrimination to include sexual orientation, gender identity or expression and status as a veteran.",,FEDERAL AND STATE AFFAIRS,"2025-2026 REGULAR SESSION
LATEST ACTION: MARCH 12, 2025","MARCH 12, 2025",state-ks-2025_2026-hb2407
INTRODUCED,Pennsylvania,HB 860,"An Act amending the act of March 10, 1949 (P.L.30, No.14), known as the Public School Code of 1949, in terms and courses of study, providing for prohibited review of curriculum, instructional materials and voluntary inquiry material in public school entities.","Paul Friel (D),Chris Pielli (D),Tarah Probst (D),+25 sponsors",EDUCATION,"2025-2026 REGULAR SESSION
LATEST ACTION: MARCH 11, 2025","MARCH 11, 2025",state-pa-2025_2026-hb860
INTRODUCED,Vermont,S 112,An act relating to amending a death certificate to reflect gender identity,"Ruth Hardy (D),Alison Clarkson (D),Martine Gulick (D),+2 sponsors",HEALTH AND WELFARE,"2025-2026 REGULAR SESSION
LATEST ACTION: MARCH 11, 2025","MARCH 11, 2025",state-vt-2025_2026-s112
INTRODUCED,Texas,HB 1470,Relating to a task force to study the legal and societal barriers to equality for transgender persons.,Ron Reynolds (D),STATE AFFAIRS,"89TH LEGISLATURE (2025)
LATEST ACTION: MARCH 11, 2025","MARCH 11, 2025",state-tx-89r-hb1470
INTRODUCED,Texas,HB 1365,Relating to unprofessional conduct by mental health providers who attempt to change the sexual orientation of a child.,Ana Hernandez (D),PUBLIC HEALTH,"89TH LEGISLATURE (2025)
LATEST ACTION: MARCH 11, 2025","MARCH 11, 2025",state-tx-89r-hb1365
INTRODUCED,Texas,HB 1273,Relating to human sexuality education in public schools.,Mary González (D),PUBLIC EDUCATION,"89TH LEGISLATURE (2025)
LATEST ACTION: MARCH 10, 2025","MARCH 10, 2025",state-tx-89r-hb1273
INTRODUCED,Texas,HJR 80,"Proposing a constitutional amendment guaranteeing the rights to an abortion and to assisted reproductive technology treatments and procedures, including in vitro fertilization.","Rodríguez Ramos,John Bryant (D)",STATE AFFAIRS,"89TH LEGISLATURE (2025)
LATEST ACTION: MARCH 7, 2025","MARCH 7, 2025",state-tx-89r-hjr80
INTRODUCED,Texas,HB 1164,Relating to the prohibition of certain discrimination; authorizing civil penalties.,"Jessica González (D),Nicole Collier (D),Flores,+4 sponsors",STATE AFFAIRS,"89TH LEGISLATURE (2025)
LATEST ACTION: MARCH 7, 2025","MARCH 7, 2025",state-tx-89r-hb1164
INTRODUCED,Texas,HB 1111,Relating to the prohibition of certain discrimination based on sexual orientation or gender identity or expression; providing an administrative penalty.,Ron Reynolds (D),STATE AFFAIRS,"89TH LEGISLATURE (2025)
LATEST ACTION: MARCH 7, 2025","MARCH 7, 2025",state-tx-89r-hb1111
INTRODUCED,Pennsylvania,SB 388,"A Joint Resolution proposing an amendment to the Constitution of the Commonwealth of Pennsylvania, further providing for prohibition against denial or abridgment of equality of rights because of sex.","Lisa Boscola (D),Sharif Street (D),Nikil Saval (D),+10 sponsors",STATE GOVERNMENT,"2025-2026 REGULAR SESSION
LATEST ACTION: MARCH 6, 2025","MARCH 6, 2025",state-pa-2025_2026-sb388
INTRODUCED,Texas,HB 903,Relating to the repeal of the offense of homosexual conduct.,Joe Moody (D),CRIMINAL JURISPRUDENCE,"89TH LEGISLATURE (2025)
LATEST ACTION: MARCH 6, 2025","MARCH 6, 2025",state-tx-89r-hb903
INTRODUCED,Texas,HB 894,Relating to the acceptance of identification for voters who identify as transgender.,Ron Reynolds (D),ELECTIONS,"89TH LEGISLATURE (2025)
LATEST ACTION: MARCH 6, 2025","MARCH 6, 2025",state-tx-89r-hb894
INTRODUCED,Ohio,HB 136,Prohibit sexual orientation or gender identity discrimination,"Tristan Rader (D),Crystal Lett (D),Karen Brownlee (D),+30 sponsors",JUDICIARY,"136TH LEGISLATURE (2025-2026)
LATEST ACTION: MARCH 5, 2025","MARCH 5, 2025",state-oh-136-hb136
INTRODUCED,Texas,HB 781,Relating to certain public school instructional requirements and prohibitions and the incorporation of certain instructional activities as part of student coursework.,Diego Bernal (D),PUBLIC EDUCATION,"89TH LEGISLATURE (2025)
LATEST ACTION: MARCH 5, 2025","MARCH 5, 2025",state-tx-89r-hb781
INTRODUCED,Texas,HB 729,Relating to the prohibition of housing discrimination on the basis of sexual orientation or gender identity and to the enforcement of that prohibition.,Diego Bernal (D),"TRADE, WORKFORCE & ECONOMIC DEVELOPMENT","89TH LEGISLATURE (2025)
LATEST ACTION: MARCH 4, 2025","MARCH 4, 2025",state-tx-89r-hb729
INTRODUCED,Texas,HB 715,Relating to the prohibition of certain discrimination based on sexual orientation or gender identity; providing an administrative penalty.,Diego Bernal (D),STATE AFFAIRS,"89TH LEGISLATURE (2025)
LATEST ACTION: MARCH 4, 2025","MARCH 4, 2025",state-tx-89r-hb715
INTRODUCED,Texas,HB 607,"Relating to prohibited discrimination by health care providers based on an individual's age, race, disability, immigration status, sex, sexual orientation, or gender identity or expression.","Flores,Donna Howard (D),Rodríguez Ramos,+4 sponsors",PUBLIC HEALTH,"89TH LEGISLATURE (2025)
LATEST ACTION: MARCH 4, 2025","MARCH 4, 2025",state-tx-89r-hb607
INTRODUCED,Georgia,SB 320,"""Georgia Civil Rights Act of 2025""; enact","Sonya Halpern (D),Harold Jones (D),Kim Jackson (D),+2 sponsors",JUDICIARY,"2025-2026 REGULAR SESSION
LATEST ACTION: MARCH 4, 2025","MARCH 4, 2025",state-ga-2025_26-sb320
INTRODUCED,Georgia,HB 670,Georgia Civil Rights Act of 2025; enact,"Jasmine Clark (D),Carolyn Hugley (D),Doreen Carter (D),+2 sponsors",JUDICIARY,"2025-2026 REGULAR SESSION
LATEST ACTION: MARCH 3, 2025","MARCH 3, 2025",state-ga-2025_26-hb670
INTRODUCED,Kentucky,HB 706,AN ACT relating to health education.,,"COMMITTEE ON COMMITTEES, PRIMARY AND SECONDARY EDUCATION","2025 REGULAR SESSION
LATEST ACTION: FEBRUARY 27, 2025","FEBRUARY 27, 2025",state-ky-2025rs-hb706
INTRODUCED,Massachusetts,SD 297,"An Act to promote rehabilitation including guaranteed health, treatment, and safety for incarcerated LGBTQI+ People",Julian Cyr (D),PUBLIC SAFETY AND HOMELAND SECURITY,"194TH LEGISLATURE (2025-2026)
LATEST ACTION: FEBRUARY 27, 2025","FEBRUARY 27, 2025",state-ma-194th-sd297
INTRODUCED,Massachusetts,SD 2470,An Act relative to LGBTQ+ health disparities,Julian Cyr (D),PUBLIC HEALTH,"194TH LEGISLATURE (2025-2026)
LATEST ACTION: FEBRUARY 27, 2025","FEBRUARY 27, 2025",state-ma-194th-sd2470
INTRODUCED,Massachusetts,SD 1116,An Act establishing a commission on the status of transgender people,"Pat Jehlen (D),Lindsay Sabadosa (D),Jamie Eldridge (D),+1 sponsor",STATE ADMINISTRATION AND REGULATORY OVERSIGHT,"194TH LEGISLATURE (2025-2026)
LATEST ACTION: FEBRUARY 27, 2025","FEBRUARY 27, 2025",state-ma-194th-sd1116
INTRODUCED,Massachusetts,HD 3654,An Act relative to gender identity in insurance,Jay Livingstone (D),FINANCIAL SERVICES,"194TH LEGISLATURE (2025-2026)
LATEST ACTION: FEBRUARY 27, 2025","FEBRUARY 27, 2025",state-ma-194th-hd3654
INTRODUCED,Illinois,SB 1679,HEALTH CARE TRANSPARENCY,"Omar Aquino (D),Dave Koehler (D),Mary Edly-Allen (D),+3 sponsors",ASSIGNMENTS,"104TH REGULAR SESSION
LATEST ACTION: FEBRUARY 25, 2025","FEBRUARY 25, 2025",state-il-104th-sb1679
INTRODUCED,Arizona,HCR 2033,same-sex marriage; constitutional right,"Brian Garcia (D),Lorena Austin (D),Seth Blattman (D),+15 sponsors","RULES, GOVERNMENT","57TH LEGISLATURE - FIRST REGULAR SESSION
LATEST ACTION: FEBRUARY 25, 2025","FEBRUARY 25, 2025",state-az-57th_1stregular-hcr2033
INTRODUCED,Montana,LC 3797,Constitutional amendment repealing the ban on same sex marriage,,(NO COMMITTEE),"2025 REGULAR SESSION
LATEST ACTION: FEBRUARY 24, 2025","FEBRUARY 24, 2025",state-mt-2025-lc3797
INTRODUCED,West Virginia,HB 2907,"Prohibiting civil rights violations based on disability, gender identity or sexual orientation","Kayla Young (D),Evan Hansen (D)",JUDICIARY,"2025 REGULAR SESSION
LATEST ACTION: FEBRUARY 24, 2025","FEBRUARY 24, 2025",state-wv-2025-hb2907
INTRODUCED,Iowa,HF 560,"A bill for an act relating to the rights of parents, guardians, and minors including those relating to gender transition procedure-related activities for minors, and providing effective date and retroactive applicability provisions.","Aime Wichtendahl (D),Ken Croken (D),Elinor Levin (D),+6 sponsors",JUDICIARY,"2025-2026 REGULAR SESSION
LATEST ACTION: FEBRUARY 24, 2025","FEBRUARY 24, 2025",state-ia-2025_2026-hf560
INTRODUCED,Kentucky,HB 513,AN ACT relating to children and declaring an emergency.,,"COMMITTEE ON COMMITTEES, PRIMARY AND SECONDARY EDUCATION","2025 REGULAR SESSION
LATEST ACTION: FEBRUARY 21, 2025","FEBRUARY 21, 2025",state-ky-2025rs-hb513
INTRODUCED,West Virginia,HB 2763,Adding “sexual orientation” and “gender identity” to the categories covered by the Human Rights Act and WV Fair Housing Act,"Mike Pushkin (D),Evan Hansen (D),Hamilton","JUDICIARY, ENERGY AND PUBLIC WORKS","2025 REGULAR SESSION
LATEST ACTION: FEBRUARY 21, 2025","FEBRUARY 21, 2025",state-wv-2025-hb2763
INTRODUCED,Vermont,H 281,An act relating to amending a death certificate to reflect gender identity,"Kate McCann (D),Mari Cordes (D),Edye Graning (D),+5 sponsors",GOVERNMENT OPERATIONS AND MILITARY AFFAIRS,"2025-2026 REGULAR SESSION
LATEST ACTION: FEBRUARY 19, 2025","FEBRUARY 19, 2025",state-vt-2025_2026-h281
INTRODUCED,Illinois,HB 3315,CONVERSION THERAPY PROHIBITION,Rita Mayfield (D),RULES,"104TH REGULAR SESSION
LATEST ACTION: FEBRUARY 18, 2025","FEBRUARY 18, 2025",state-il-104th-hb3315
INTRODUCED,Kentucky,HB 426,AN ACT relating to youth mental health protection and declaring an emergency.,,"COMMITTEE ON COMMITTEES, HEALTH SERVICES","2025 REGULAR SESSION
LATEST ACTION: FEBRUARY 14, 2025","FEBRUARY 14, 2025",state-ky-2025rs-hb426
INTRODUCED,Missouri,SB 285,Prohibits certain mental health professionals from engaging in conversion therapy for minors,Tracy McCreery (D),"FAMILIES, SENIORS AND HEALTH","2025 REGULAR SESSION
LATEST ACTION: FEBRUARY 13, 2025","FEBRUARY 13, 2025",state-mo-2025-sb285
INTRODUCED,Texas,SB 833,Relating to conditions applicable to health benefit plan coverage of in vitro fertilization procedures.,Johnson,HEALTH & HUMAN SERVICES,"89TH LEGISLATURE (2025)
LATEST ACTION: FEBRUARY 13, 2025","FEBRUARY 13, 2025",state-tx-89r-sb833
INTRODUCED,Ohio,SB 71,Prohibit conversion therapy for minors by certain professionals,"Nickie Antonio (D),Beth Liston (D),Hearcel Craig (D),+5 sponsors",HEALTH,"136TH LEGISLATURE (2025-2026)
LATEST ACTION: FEBRUARY 12, 2025","FEBRUARY 12, 2025",state-oh-136-sb71
INTRODUCED,Ohio,SB 70,Enact the Ohio Fairness Act,"Nickie Antonio (D),Willis Blackshear (D),Hearcel Craig (D),+6 sponsors",GOVERNMENT OVERSIGHT AND REFORM,"136TH LEGISLATURE (2025-2026)
LATEST ACTION: FEBRUARY 12, 2025","FEBRUARY 12, 2025",state-oh-136-sb70
INTRODUCED,Kentucky,HB 380,AN ACT relating to human sexuality instruction in public schools.,,"COMMITTEE ON COMMITTEES, PRIMARY AND SECONDARY EDUCATION","2025 REGULAR SESSION
LATEST ACTION: FEBRUARY 12, 2025","FEBRUARY 12, 2025",state-ky-2025rs-hb380
INTRODUCED,North Carolina,HB 76,Protect Access to In Vitro Fertilization.,"Tricia Cotham (R),Grant Campbell (R),Erin Paré (R),+5 sponsors","RULES, CALENDAR, AND OPERATIONS OF THE HOUSE","2025-2026 SESSION
LATEST ACTION: FEBRUARY 11, 2025","FEBRUARY 11, 2025",state-nc-2025-hb76
INTRODUCED,Georgia,SR 167,Recognition of Marriage; only the union of man and woman; repeal -CA,"RaShaun Kemp (D),Kim Jackson (D),Harold Jones (D),+18 sponsors",JUDICIARY,"2025-2026 REGULAR SESSION
LATEST ACTION: FEBRUARY 11, 2025","FEBRUARY 11, 2025",state-ga-2025_26-sr167
INTRODUCED,Arizona,HB 2758,antidiscrimination; public accommodations; employment; housing,"Patty Contreras (D),Anna Abeytia (D),Cesar Aguilar (D),+5 sponsors","JUDICIARY, RULES, GOVERNMENT","57TH LEGISLATURE - FIRST REGULAR SESSION
LATEST ACTION: FEBRUARY 11, 2025","FEBRUARY 11, 2025",state-az-57th_1stregular-hb2758
INTRODUCED,Maryland,HB 1368,"Certificates of Birth, Licenses, and Identification Cards - Sex Designation (Birth Certificate Modernization Act)","Martinez,Gabriel Acevero (D),Bonnie Cullison (D),+5 sponsors",HEALTH AND GOVERNMENT OPERATIONS AND ENVIRONMENT AND TRANSPORTATION,"2025 REGULAR SESSION
LATEST ACTION: FEBRUARY 10, 2025","FEBRUARY 10, 2025",state-md-2025-hb1368
INTRODUCED,Kentucky,HB 235,AN ACT relating to civil rights.,,"COMMITTEE ON COMMITTEES, JUDICIARY","2025 REGULAR SESSION
LATEST ACTION: FEBRUARY 7, 2025","FEBRUARY 7, 2025",state-ky-2025rs-hb235
INTRODUCED,Kentucky,SB 94,AN ACT relating to conversion therapy.,,"COMMITTEE ON COMMITTEES, HEALTH SERVICES","2025 REGULAR SESSION
LATEST ACTION: FEBRUARY 6, 2025","FEBRUARY 6, 2025",state-ky-2025rs-sb94
INTRODUCED,Kentucky,SB 90,AN ACT relating to children.,,"EDUCATION, COMMITTEE ON COMMITTEES","2025 REGULAR SESSION
LATEST ACTION: FEBRUARY 6, 2025","FEBRUARY 6, 2025",state-ky-2025rs-sb90
INTRODUCED,Idaho,HJR 2,MARRIAGE – Proposes an amendment to the state constitution to repeal the prohibition on same sex marriage.,Ilana Rubel (D),(NO COMMITTEE),"68TH LEGISLATURE, 1ST REGULAR SESSION (2025)
LATEST ACTION: FEBRUARY 6, 2025","FEBRUARY 6, 2025",state-id-2025-hjr2
INTRODUCED,Kansas,HB 2267,Prohibiting certain licensed individuals from using conversion therapy on minors.,,HEALTH AND HUMAN SERVICES,"2025-2026 REGULAR SESSION
LATEST ACTION: FEBRUARY 5, 2025","FEBRUARY 5, 2025",state-ks-2025_2026-hb2267
INTRODUCED,Arizona,SCR 1024,same-sex marriage; constitutional right.,"Lauren Kuby (D),Lela Alston (D),Rosanna Gabaldón (D),+3 sponsors","RULES, JUDICIARY AND ELECTIONS","57TH LEGISLATURE - FIRST REGULAR SESSION
LATEST ACTION: FEBRUARY 5, 2025","FEBRUARY 5, 2025",state-az-57th_1stregular-scr1024
INTRODUCED,Mississippi,SB 2057,Mississippi Civil Rights Act; enact.,Simmons,"JUDICIARY, DIVISION A","2025 REGULAR SESSION
LATEST ACTION: FEBRUARY 4, 2025","FEBRUARY 4, 2025",state-ms-2025-sb2057
INTRODUCED,Mississippi,HB 350,Comprehensive sex education; require teaching of in Grades K-12.,Omeria Scott (D),EDUCATION,"2025 REGULAR SESSION
LATEST ACTION: FEBRUARY 4, 2025","FEBRUARY 4, 2025",state-ms-2025-hb350
INTRODUCED,Virginia,HB 2563,"Assisted conception; certain medical treatments, written contract required.","Kim Taylor (R),Chad Green (R),Ellen Campbell (R)","HEALTH AND HUMAN SERVICES, COURTS OF JUSTICE (VOICE VOTE)","2025 REGULAR SESSION
LATEST ACTION: FEBRUARY 4, 2025","FEBRUARY 4, 2025",state-va-2025-hb2563
INTRODUCED,Texas,SB 190,Relating to the repeal of statutes regarding the criminality or unacceptability of homosexual conduct and to the recognition of certain same-sex relationship statuses.,"José Menéndez (D),César Blanco (D),Cook,+3 sponsors",STATE AFFAIRS,"89TH LEGISLATURE (2025)
LATEST ACTION: FEBRUARY 3, 2025","FEBRUARY 3, 2025",state-tx-89r-sb190
INTRODUCED,Texas,SB 189,Relating to a criminal offense committed against a person because of bias or prejudice on the basis of sexual orientation or gender identity.,José Menéndez (D),CRIMINAL JUSTICE,"89TH LEGISLATURE (2025)
LATEST ACTION: FEBRUARY 3, 2025","FEBRUARY 3, 2025",state-tx-89r-sb189
INTRODUCED,Texas,SB 168,Relating to unprofessional conduct by mental health providers who attempt to change the sexual orientation of a child.,"José Menéndez (D),César Blanco (D),Cook,+2 sponsors",HEALTH & HUMAN SERVICES,"89TH LEGISLATURE (2025)
LATEST ACTION: FEBRUARY 3, 2025","FEBRUARY 3, 2025",state-tx-89r-sb168
INTRODUCED,Texas,SB 150,Relating to the prohibition of certain discrimination; authorizing civil penalties.,"José Menéndez (D),Carol Alvarado (D),César Blanco (D),+3 sponsors",ECONOMIC DEVELOPMENT,"89TH LEGISLATURE (2025)
LATEST ACTION: FEBRUARY 3, 2025","FEBRUARY 3, 2025",state-tx-89r-sb150
INTRODUCED,Indiana,HB 1444,Gender transition procedures for minors.,"Chris Campbell (D),Sue Errington (D),Matt Pierce (D)",PUBLIC HEALTH,"2025 REGULAR SESSION
LATEST ACTION: JANUARY 30, 2025","JANUARY 30, 2025",state-in-2025-hb1444
INTRODUCED,Arizona,HB 2358,adequate provocation; unavailability; transgender; gay,"Patty Contreras (D),Anna Abeytia (D),Lorena Austin (D),+7 sponsors","JUDICIARY, RULES","57TH LEGISLATURE - FIRST REGULAR SESSION
LATEST ACTION: JANUARY 29, 2025","JANUARY 29, 2025",state-az-57th_1stregular-hb2358
INTRODUCED,Iowa,SF 113,"A bill for an act relating to children and students, including by modifying provisions related to a parent’s or guardian’s rights to make decisions affecting the parent’s or guardian’s child, the educational program and human growth and development curriculum provided to students enrolled in school districts, charter schools, and innovation zone schools, student health screenings, school district library programs, special education, and other duties of school districts and the governing boards of charter schools and innovation zone schools.",Molly Donahue (D),EDUCATION,"2025-2026 REGULAR SESSION
LATEST ACTION: JANUARY 28, 2025","JANUARY 28, 2025",state-ia-2025_2026-sf113
INTRODUCED,Pennsylvania,HB 226,"An Act providing for the protection of patients and medical personnel from health care facility retaliation, for prohibitions, for rebuttable presumptions, for discriminatory treatment, for evidence, for civil penalties and remedies, for criminal penalty, for restitution and damages, for injunctive relief, for peer review activity and for exemption.","Joe Ciresi (D),Jim Haddock (D),Nancy Guenst (D),+11 sponsors",JUDICIARY,"2025-2026 REGULAR SESSION
LATEST ACTION: JANUARY 22, 2025","JANUARY 22, 2025",state-pa-2025_2026-hb226
INTRODUCED,Vermont,H 55,An act relating to coverage for fertility treatment and gender-affirming health care services,"Troy Headrick (I),Elizabeth Burrows (D),Conor Casey (D),+9 sponsors",HEALTH CARE,"2025-2026 REGULAR SESSION
LATEST ACTION: JANUARY 22, 2025","JANUARY 22, 2025",state-vt-2025_2026-h55
INTRODUCED,Connecticut,SB 1025,AN ACT PROHIBITING DISCRIMINATION IN THE PROVISION OF HEALTH CARE SERVICES.,,JUDICIARY,"2025 REGULAR SESSION
LATEST ACTION: JANUARY 22, 2025","JANUARY 22, 2025",state-ct-2025-sb1025
INTRODUCED,Arizona,HB 2359,conversion therapy; funding; prohibitions; minors,"Patty Contreras (D),Anna Abeytia (D),Cesar Aguilar (D),+11 sponsors","RULES, HEALTH & HUMAN SERVICES, REGULATORY OVERSIGHT","57TH LEGISLATURE - FIRST REGULAR SESSION
LATEST ACTION: JANUARY 22, 2025","JANUARY 22, 2025",state-az-57th_1stregular-hb2359
INTRODUCED,Maryland,SB 1,"Legally Protected Health Care - Reproductive, Fertility Preservation, and Contraceptive Treatment and Services (IVF and Contraception Shield Act of 2025)","Jeff Waldstreicher (D),Shelly Hettleman (D),Clarence Lam (D)",FINANCE,"2025 REGULAR SESSION
LATEST ACTION: JANUARY 21, 2025","JANUARY 21, 2025",state-md-2025-sb1
INTRODUCED,Massachusetts,HD 4136,An Act relative to LGBTQ+ health disparities,Sam Montaño (D),(NO COMMITTEE),"194TH LEGISLATURE (2025-2026)
LATEST ACTION:",,state-ma-194th-hd4136
INTRODUCED,Maryland,SB 314,"Certificates of Birth, Licenses, and Identification Cards - Sex Designation (Birth Certificate Modernization Act)","Clarence Lam (D),Jeff Waldstreicher (D)",FINANCE AND JUDICIAL PROCEEDINGS,"2025 REGULAR SESSION
LATEST ACTION: JANUARY 20, 2025","JANUARY 20, 2025",state-md-2025-sb314
INTRODUCED,Illinois,SR 10,CONDEMNS-CONVERSION THERAPY,Mary Edly-Allen (D),ASSIGNMENTS,"104TH REGULAR SESSION
LATEST ACTION: JANUARY 17, 2025","JANUARY 17, 2025",state-il-104th-sr10
INTRODUCED,Idaho,S 1004,CIVIL RIGHTS – Amends existing law to provide that freedom from discrimination because of sexual orientation or gender identity is a civil right.,Melissa Wintrow (D),STATE AFFAIRS,"68TH LEGISLATURE, 1ST REGULAR SESSION (2025)
LATEST ACTION: JANUARY 17, 2025","JANUARY 17, 2025",state-id-2025-s1004
INTRODUCED,Virginia,HB 1681,Undesignated sex or gender designation option.,Laura Jane Cohen (D),GENERAL LAWS,"2025 REGULAR SESSION
LATEST ACTION: JANUARY 14, 2025","JANUARY 14, 2025",state-va-2025-hb1681
INTRODUCED,South Carolina,H 3160,Uniform Antidiscrimination Act,Todd Rutherford (D),JUDICIARY,"2025-2026 REGULAR SESSION
LATEST ACTION: JANUARY 14, 2025","JANUARY 14, 2025",state-sc-2025_2026-h3160
